Workbook
Name July_accrual: #REF!
Name LINE8_PH: 'Line 3'!$AE$5:$AG$8
Name Names: #REF!
Name Public_Holiday: '[1]Line 11'!$X$5:$X$8
Name Public_Holiday: #REF!
Name T: #REF!

Sheet Sheet1
D2: Apr
D3: 44289 | E3: 44290 | F3: 44291 | G3: 44292 | H3: 44293 | I3: 44294 | J3: 44295 | M3: 44296 | N3: 44297 | O3: 44298 | P3: 44299 | Q3: 44300 | R3: 44301 | S3: 44302 | V3: 44303 | W3: 44304 | X3: 44305 | Y3: 44306 | Z3: 44307 | AA3: 44308 | AB3: 44309 | AE3: 44310 | AF3: 44311 | AG3: 44312 | AH3: 44313 | AI3: 44314 | AJ3: 44315 | AK3: 44316
A4: Employee Name | B4: Work Center | C4: ID | D4: Sa | E4: Su | F4: M | G4: Tu | H4: W | I4: Th | J4: F | K4: OT | L4: PH | M4: Sa | N4: Su | O4: M | P4: Tu | Q4: W | R4: Th | S4: F | T4: OT | U4: PH | V4: Sa | W4: Su | X4: M | Y4: Tu | Z4: W | AA4: Th | AB4: F | AC4: OT | AD4: PH | AE4: Sa | AF4: Su | AG4: M | AH4: Tu | AI4: W | AJ4: Th | AK4: F | AL4: OT | AM4: PH
A5: ADEBAYO, EMMANUEL ADEWALE | B5: 3 | C5: 18004071 | D5: 14 | E5: 10 | F5: 0 | G5: 14 | H5: 10 | I5: 0 | J5: 14 | K5: 30 | L5: 0 | M5: 10 | N5: 0 | O5: 14 | P5: 10 | Q5: 0 | R5: 0 | S5: 7 | T5: 1 | U5: 0 | V5: 7 | W5: 7 | X5: 7 | Y5: 10 | Z5: 10 | AA5: 0 | AB5: 0 | AC5: 1 | AD5: 0 | AE5: 7 | AF5: 7 | AG5: 7 | AH5: 7 | AI5: 10 | AJ5: 10 | AK5: 0 | AL5: 8 | AM5: 0
A6: IHUOMA, CHIMA MAXIMILLIAN | B6: 3 | C6: 18004357 | D6: 0 | E6: 14 | F6: 10 | G6: 0 | H6: 14 | I6: 10 | J6: 0 | K6: 6 | L6: 10 | M6: 14 | N6: 10 | O6: 0 | P6: 14 | Q6: 10 | R6: 10 | S6: 0 | T6: 18 | U6: 0 | V6: 0 | W6: 7 | X6: 7 | Y6: 7 | Z6: 7 | AA6: 10 | AB6: 10 | AC6: 8 | AD6: 0 | AE6: 0 | AF6: 0 | AG6: 7 | AH6: 7 | AI6: 7 | AJ6: 7 | AK6: 10 | AL6: -2 | AM6: 0
A7: OBAJEMU, DAVID TOYOSI | B7: 3 | C7: 18004409 | D7: 0 | E7: 0 | F7: V | G7: V | H7: V | I7: V | J7: V | K7: 0 | L7: 0 | M7: 0 | N7: 0 | O7: V | P7: V | Q7: 7 | R7: 7 | S7: 10 | T7: 0 | U7: 0 | V7: 10 | W7: 0 | X7: 0 | Y7: 7 | Z7: 7 | AA7: 7 | AB7: 7 | AC7: -2 | AD7: 0 | AE7: 10 | AF7: 10 | AG7: 0 | AH7: 0 | AI7: 7 | AJ7: 7 | AK7: 7 | AL7: 1 | AM7: 0
A8: OLOWO, ABIODUN | B8: 3 | C8: 18004523 | D8: 10 | E8: 0 | F8: 14 | G8: 10 | H8: 0 | I8: 14 | J8: 10 | K8: 12 | L8: 14 | M8: 0 | N8: 14 | O8: 10 | P8: 0 | Q8: 7 | R8: 7 | S8: 7 | T8: 5 | U8: 0 | V8: 7 | W8: 10 | X8: 10 | Y8: 0 | Z8: 0 | AA8: 7 | AB8: 7 | AC8: 1 | AD8: 0 | AE8: 7 | AF8: 7 | AG8: 10 | AH8: 10 | AI8: 0 | AJ8: 0 | AK8: 7 | AL8: 1 | AM8: 0
A9: ADRIYEN, ADEYEMI JOHN | B9: 3 | C9: 18004133 | D9: 7 | E9: 10 | F9: 10 | G9: 0 | H9: 0 | I9: 7 | J9: 7 | K9: -1 | L9: 10 | M9: 7 | N9: 7 | O9: 10 | P9: 10 | Q9: 0 | R9: 0 | S9: 7 | T9: 1 | U9: 0 | V9: 7 | W9: 7 | X9: 7 | Y9: 10 | Z9: 10 | AA9: 0 | AB9: 0 | AC9: 1 | AD9: 0 | AE9: 7 | AF9: 7 | AG9: 7 | AH9: 7 | AI9: 10 | AJ9: 10 | AK9: 0 | AL9: 8 | AM9: 0
A10: FAKEYE, DANIEL OLAOLUWA | B10: 3 | C10: 18004329 | D10: 0 | E10: 7 | F10: 7 | G10: 7 | H10: 7 | I10: 10 | J10: 10 | K10: 9 | L10: 7 | M10: 0 | N10: 0 | O10: 7 | P10: 7 | Q10: 7 | R10: 7 | S10: 10 | T10: -2 | U10: 0 | V10: 10 | W10: 0 | X10: 0 | Y10: 7 | Z10: 7 | AA10: 7 | AB10: 7 | AC10: -2 | AD10: 0 | AE10: 10 | AF10: 10 | AG10: 0 | AH10: 0 | AI10: 7 | AJ10: 7 | AK10: 7 | AL10: 1 | AM10: 0
A11: ALIYU RAHMON | B11: 3 | C11: 18000601 | D11: 7 | E11: 7 | F11: 7 | G11: 10 | H11: 10 | I11: 0 | J11: 0 | K11: 2 | L11: 7 | M11: 7 | N11: 7 | O11: 7 | P11: 7 | Q11: 10 | R11: 10 | S11: 0 | T11: 8 | U11: 0 | V11: 0 | W11: 7 | X11: 7 | Y11: 7 | Z11: 7 | AA11: 10 | AB11: 10 | AC11: 8 | AD11: 0 | AE11: 0 | AF11: 0 | AG11: 7 | AH11: 7 | AI11: 7 | AJ11: 7 | AK11: 10 | AL11: -2 | AM11: 0
A12: OGUNFUNWA, OLADAPO SAMUEL | B12: 3 | C12: 18004443 | D12: 10 | E12: 0 | F12: 0 | G12: 7 | H12: 7 | I12: 7 | J12: 7 | K12: 6 | L12: 0 | M12: 10 | N12: 10 | O12: 0 | P12: 0 | Q12: 7 | R12: 7 | S12: 7 | T12: 1 | U12: 0 | V12: 7 | W12: 10 | X12: 10 | Y12: 0 | Z12: 0 | AA12: 7 | AB12: 7 | AC12: 1 | AD12: 0 | AE12: 7 | AF12: 7 | AG12: 10 | AH12: 10 | AI12: 0 | AJ12: 0 | AK12: 7 | AL12: 1 | AM12: 0
A13: AYODELE, ADEKUNLE LAWRENCE | B13: 3 | C13: 18004252 | D13: 10 | E13: 0 | F13: 14 | G13: 10 | H13: 10 | I13: 0 | J13: 0 | K13: -2 | L13: 14 | M13: 7 | N13: 7 | O13: V | P13: V | Q13: V | R13: V | S13: V | T13: 14 | U13: 0 | V13: 0 | W13: 0 | X13: V | Y13: V | Z13: V | AA13: V | AB13: V | AC13: 0 | AD13: 0 | AE13: 0 | AF13: 0 | AG13: 14 | AH13: 10 | AI13: 0 | AJ13: 14 | AK13: 10 | AL13: 8 | AM13: 0
A14: ELIJAH, JEREMIAH | B14: 3 | C14: 18004314 | D14: 14 | E14: 10 | F14: 0 | G14: 7 | H14: 7 | I14: 10 | J14: 10 | K14: 26 | L14: 0 | M14: 0 | N14: 0 | O14: 14 | P14: 10 | Q14: 0 | R14: 14 | S14: 10 | T14: 8 | U14: 0 | V14: 0 | W14: 14 | X14: 10 | Y14: 0 | Z14: 14 | AA14: 10 | AB14: 0 | AC14: 8 | AD14: 0 | AE14: 14 | AF14: 10 | AG14: 0 | AH14: 14 | AI14: 10 | AJ14: 0 | AK14: 14 | AL14: 22 | AM14: 0
A15: KASARACHI, COLINS | B15: 3 | C15: 18008453 | D15: 0 | E15: 0 | F15: V | G15: 7 | H15: 7 | I15: 7 | J15: 7 | K15: -4 | L15: 0 | M15: 10 | N15: 10 | O15: 0 | P15: 14 | Q15: 10 | R15: 0 | S15: 14 | T15: 18 | U15: 0 | V15: 10 | W15: 0 | X15: 14 | Y15: 10 | Z15: 0 | AA15: 14 | AB15: 10 | AC15: 18 | AD15: 0 | AE15: 0 | AF15: 14 | AG15: 10 | AH15: 0 | AI15: 14 | AJ15: 10 | AK15: 0 | AL15: 8 | AM15: 0
A16: NWACHUKWU, PAUL | B16: 3 | C16: 18008456 | D16: 0 | E16: 14 | F16: 10 | G16: 0 | H16: 0 | I16: 7 | J16: 7 | K16: -4 | L16: 10 | M16: 7 | N16: 7 | O16: 10 | P16: 0 | Q16: 14 | R16: 10 | S16: 0 | T16: 8 | U16: 0 | V16: 14 | W16: 10 | X16: 0 | Y16: 14 | Z16: 10 | AA16: 0 | AB16: 14 | AC16: 22 | AD16: 0 | AE16: 10 | AF16: 0 | AG16: V | AH16: V | AI16: V | AJ16: V | AK16: V | AL16: 10 | AM16: 0
A17: NWOSU NNAMDI SIMON | B17: 3 | C17: 18008088 | D17: 10 | E17: 0 | F17: 0 | G17: 7 | H17: 7 | I17: 7 | J17: 7 | K17: 6 | L17: 0 | M17: 10 | N17: 10 | O17: 0 | P17: 0 | Q17: 7 | R17: 7 | S17: 7 | T17: 1 | U17: 0 | V17: 7 | W17: 10 | X17: 10 | Y17: 0 | Z17: 0 | AA17: 7 | AB17: 7 | AC17: 1 | AD17: 0 | AE17: 7 | AF17: 7 | AG17: 10 | AH17: 10 | AI17: 0 | AJ17: 0 | AK17: 7 | AL17: 1 | AM17: 0
A18: OSENI HABBEEB | B18: 3 | C18: 18008107 | D18: 0 | E18: 7 | F18: 7 | G18: 7 | H18: 7 | I18: 10 | J18: 10 | K18: 9 | L18: 7 | M18: 0 | N18: 0 | O18: 7 | P18: 7 | Q18: 7 | R18: 7 | S18: 10 | T18: -2 | U18: 0 | V18: 10 | W18: 0 | X18: 0 | Y18: 7 | Z18: 7 | AA18: 7 | AB18: 7 | AC18: -2 | AD18: 0 | AE18: 10 | AF18: 10 | AG18: 0 | AH18: 0 | AI18: 7 | AJ18: 7 | AK18: 7 | AL18: 1 | AM18: 0
A19: UMWENI, JOEL | B19: 3 | C19: 18008465 | D19: 7 | E19: 7 | F19: 7 | G19: 10 | H19: 10 | I19: 0 | J19: 0 | K19: 2 | L19: 7 | M19: 7 | N19: 7 | O19: 7 | P19: 7 | Q19: 10 | R19: 10 | S19: 0 | T19: 8 | U19: 0 | V19: 0 | W19: 7 | X19: 7 | Y19: 7 | Z19: 7 | AA19: 10 | AB19: 10 | AC19: 8 | AD19: 0 | AE19: 0 | AF19: 0 | AG19: 7 | AH19: 7 | AI19: 7 | AJ19: 7 | AK19: 10 | AL19: -2 | AM19: 0
A20: JAYEOBA, JOSHUA | B20: 3 | C20: 18008451 | D20: 7 | E20: 10 | F20: 10 | G20: 0 | H20: 0 | I20: 7 | J20: 7 | K20: -1 | L20: 10 | M20: 7 | N20: 7 | O20: 10 | P20: 10 | Q20: 0 | R20: 0 | S20: 7 | T20: 1 | U20: 0 | V20: 7 | W20: 7 | X20: 7 | Y20: 10 | Z20: 10 | AA20: 0 | AB20: 0 | AC20: 1 | AD20: 0 | AE20: 7 | AF20: 7 | AG20: 7 | AH20: 7 | AI20: 10 | AJ20: 10 | AK20: 0 | AL20: 8 | AM20: 0
A21: BADMUS , ADESHINA | B21: 3 | C21: 18004264 | D21: 10 | E21: 10 | F21: T | G21: T | H21: T | I21: 10 | J21: 10 | K21: 24 | L21: 0 | M21: 0 | N21: 0 | O21: T | P21: T | Q21: T | R21: T | S21: T | T21: 0 | U21: 0 | V21: 0 | W21: 0 | X21: T | Y21: T | Z21: T | AA21: T | AB21: T | AC21: 0 | AD21: 0 | AE21: 0 | AF21: 0 | AG21: T | AH21: T | AI21: T | AJ21: T | AK21: T | AL21: 0 | AM21: 0
A22: ADEGBOYEGA, KHABEER KOLAPO | B22: 3 | C22: 18004089 | D22: 0 | E22: 0 | F22: T | G22: T | H22: T | I22: T | J22: T | K22: 0 | L22: 0 | M22: 0 | N22: 0 | O22: T | P22: T | Q22: T | R22: T | S22: T | T22: 0 | U22: 0 | V22: 0 | W22: 0 | X22: T | Y22: T | Z22: T | AA22: T | AB22: T | AC22: 0 | AD22: 0 | AE22: 0 | AF22: 0 | AG22: T | AH22: T | AI22: T | AJ22: T | AK22: T | AL22: 0 | AM22: 0
A23: ADELIYI, OMOLADE OLUMIDE | B23: 4 | C23: 18004099 | D23: 10 | E23: 0 | F23: 0 | G23: 7 | H23: 7 | I23: 7 | J23: 7 | K23: 6 | L23: 0 | M23: 10 | N23: 10 | O23: O | P23: O | Q23: 7 | R23: 7 | S23: 7 | T23: 1 | U23: 0 | V23: 7 | W23: 10 | X23: 10 | Y23: O | Z23: O | AA23: 7 | AB23: 7 | AC23: 1 | AD23: 0 | AE23: 7 | AF23: 7 | AG23: 10 | AH23: 10 | AI23: O | AJ23: O | AK23: 7 | AL23: 1 | AM23: 0
A24: EMMANUEL, OGIDI JAMES | B24: 4 | C24: 18004316 | D24: 7 | E24: 10 | F24: 10 | G24: O | H24: O | I24: 7 | J24: 7 | K24: -1 | L24: 10 | M24: 7 | N24: 7 | O24: 10 | P24: 10 | Q24: O | R24: O | S24: 7 | T24: 1 | U24: 0 | V24: 7 | W24: 7 | X24: 7 | Y24: 10 | Z24: 10 | AA24: O | AB24: O | AC24: 1 | AD24: 0 | AE24: 7 | AF24: 7 | AG24: 7 | AH24: 7 | AI24: 10 | AJ24: 10 | AK24: O | AL24: 8 | AM24: 0
A25: FATOBA, ADENIYI JOHNSON | B25: 4 | C25: 18004342 | D25: O | E25: 7 | F25: 7 | G25: 7 | H25: 7 | I25: 10 | J25: 10 | K25: 9 | L25: 7 | M25: O | N25: Off Duty | O25: 7 | P25: 7 | Q25: 7 | R25: 7 | S25: 10 | T25: -2 | U25: 0 | V25: 10 | W25: O | X25: O | Y25: 7 | Z25: 7 | AA25: 7 | AB25: 7 | AC25: -2 | AD25: 0 | AE25: 10 | AF25: 10 | AG25: O | AH25: O | AI25: 7 | AJ25: 7 | AK25: 7 | AL25: 1 | AM25: 0
A26: OSAYEMI, OLADIMEJI | B26: 4 | C26: 18004562 | D26: 7 | E26: 7 | F26: 7 | G26: 10 | H26: 10 | I26: O | J26: O | K26: 2 | L26: 7 | M26: 7 | N26: 7 | O26: 7 | P26: 7 | Q26: 10 | R26: 10 | S26: O | T26: 8 | U26: 0 | V26: O | W26: 7 | X26: 7 | Y26: 7 | Z26: 7 | AA26: 10 | AB26: 10 | AC26: 8 | AD26: 0 | AE26: O | AF26: O | AG26: 7 | AH26: 7 | AI26: 7 | AJ26: 7 | AK26: 10 | AL26: -2 | AM26: 0
A27: ADEBAYO, OLUTAYO SOLOMON | B27: 4 | C27: 18004075 | D27: O | E27: 7 | F27: 7 | G27: 7 | H27: 7 | I27: 10 | J27: 10 | K27: 9 | L27: 7 | M27: O | N27: Off Duty | O27: 7 | P27: 7 | Q27: 7 | R27: 7 | S27: 10 | T27: -2 | U27: 0 | V27: 10 | W27: O | X27: O | Y27: 7 | Z27: 7 | AA27: 7 | AB27: 7 | AC27: -2 | AD27: 0 | AE27: 10 | AF27: 10 | AG27: O | AH27: O | AI27: 7 | AJ27: 7 | AK27: 7 | AL27: 1 | AM27: 0
A28: AKEJU, SUNDAY OLUSHOLA | B28: 4 | C28: 18004173 | D28: 7 | E28: 10 | F28: 10 | G28: O | H28: O | I28: 7 | J28: 7 | K28: -1 | L28: 10 | M28: 7 | N28: 7 | O28: 10 | P28: 10 | Q28: O | R28: O | S28: 7 | T28: 1 | U28: 0 | V28: 7 | W28: 7 | X28: 7 | Y28: 10 | Z28: 10 | AA28: O | AB28: O | AC28: 1 | AD28: 0 | AE28: 7 | AF28: 7 | AG28: 7 | AH28: 7 | AI28: 10 | AJ28: 10 | AK28: O | AL28: 8 | AM28: 0
A29: AKINMUSAYO, RAPHAEL OLUWOLE | B29: 4 | C29: 18004184 | D29: 7 | E29: 7 | F29: 7 | G29: 10 | H29: 10 | I29: Overtime | J29: O | K29: 2 | L29: 7 | M29: 7 | N29: 7 | O29: 7 | P29: 7 | Q29: 10 | R29: 10 | S29: O | T29: 8 | U29: 0 | V29: O | W29: 7 | X29: 7 | Y29: 7 | Z29: 7 | AA29: 10 | AB29: 10 | AC29: 8 | AD29: 0 | AE29: O | AF29: O | AG29: 7 | AH29: 7 | AI29: 7 | AJ29: 7 | AK29: 10 | AL29: -2 | AM29: 0
A30: ANI, OSMOND OSITADINMA | B30: 4 | C30: 18004223 | D30: 7 | E30: O | F30: O | G30: 7 | H30: 7 | I30: 7 | J30: 7 | K30: 3 | L30: 0 | M30: 10 | N30: 10 | O30: O | P30: O | Q30: 7 | R30: 7 | S30: 7 | T30: 1 | U30: 0 | V30: 7 | W30: 10 | X30: 10 | Y30: O | Z30: O | AA30: 7 | AB30: 7 | AC30: 1 | AD30: 0 | AE30: 7 | AF30: 7 | AG30: 10 | AH30: 10 | AI30: O | AJ30: O | AK30: 7 | AL30: 1 | AM30: 0
A31: ADEBONOJO, ABIODUN ADEDOYIN | B31: 4 | C31: 18004079 | D31: 7 | E31: 10 | F31: 10 | G31: O | H31: 10 | I31: Overtime | J31: 14 | K31: 9 | L31: 10 | M31: 10 | N31: Off Duty | O31: 14 | P31: 10 | Q31: O | R31: 14 | S31: 10 | T31: 18 | U31: 0 | V31: O | W31: 14 | X31: 10 | Y31: O | Z31: O | AA31: 7 | AB31: 7 | AC31: -2 | AD31: 0 | AE31: 7 | AF31: 7 | AG31: 10 | AH31: 10 | AI31: O | AJ31: O | AK31: 7 | AL31: 1 | AM31: 0
A32: AGBABIAKA, JOSHUA OLANI | B32: 4 | C32: 18004140 | D32: 7 | E32: 7 | F32: O | G32: V | H32: V | I32: V | J32: V | K32: 14 | L32: 0 | M32: V | N32: V | O32: V | P32: V | Q32: V | R32: V | S32: V | T32: 0 | U32: 0 | V32: V | W32: V | X32: V | Y32: 7 | Z32: 7 | AA32: 10 | AB32: 10 | AC32: 2 | AD32: 0 | AE32: O | AF32: O | AG32: 7 | AH32: 7 | AI32: 7 | AJ32: 7 | AK32: 10 | AL32: -2 | AM32: 0
A33: OGUNDARE, SUNKANMI .M. | B33: 4 | C33: 18004439 | D33: O | E33: 7 | F33: 7 | G33: 10 | H33: O | I33: 14 | J33: 10 | K33: 9 | L33: 7 | M33: O | N33: 14 | O33: 10 | P33: O | Q33: 14 | R33: 10 | S33: O | T33: 8 | U33: 0 | V33: 14 | W33: 10 | X33: O | Y33: 7 | Z33: 7 | AA33: 7 | AB33: 7 | AC33: 12 | AD33: 0 | AE33: 10 | AF33: 10 | AG33: O | AH33: O | AI33: 7 | AJ33: 7 | AK33: 7 | AL33: 1 | AM33: 0
A34: OSENI, AZEEZ GBENGA | B34: 4 | C34: 18004564 | D34: 10 | E34: O | F34: O | G34: 14 | H34: 14 | I34: 10 | J34: O | K34: 16 | L34: 0 | M34: 14 | N34: 10 | O34: O | P34: 14 | Q34: 10 | R34: O | S34: 14 | T34: 22 | U34: 0 | V34: 10 | W34: O | X34: 14 | Y34: 10 | Z34: 10 | AA34: O | AB34: O | AC34: 4 | AD34: 0 | AE34: 7 | AF34: 7 | AG34: 7 | AH34: 7 | AI34: 10 | AJ34: 10 | AK34: O | AL34: 8 | AM34: 0
A35: ADEGBOYE IDOWU | B35: 4 | C35: 18007020 | D35: 14 | E35: 7 | F35: 10 | G35: 10 | H35: O | I35: Overtime | J35: 7 | K35: 6 | L35: 10 | M35: 14 | N35: 10 | O35: 10 | P35: O | Q35: O | R35: 7 | S35: 7 | T35: 8 | U35: 0 | V35: 10 | W35: 10 | X35: O | Y35: O | Z35: 7 | AA35: 7 | AB35: 10 | AC35: 4 | AD35: 0 | AE35: 10 | AF35: O | AG35: O | AH35: 7 | AI35: 7 | AJ35: 10 | AK35: 10 | AL35: 4 | AM35: 0
A36: BELLO KEHINDE HASSAN | B36: 4 | C36: 18006993 | D36: 10 | E36: 10 | F36: O | G36: O | H36: 7 | I36: 7 | J36: 10 | K36: 12 | L36: 0 | M36: 10 | N36: Off Duty | O36: O | P36: 7 | Q36: 7 | R36: 10 | S36: 10 | T36: 4 | U36: 0 | V36: O | W36: O | X36: 7 | Y36: 7 | Z36: 10 | AA36: 10 | AB36: O | AC36: -6 | AD36: 0 | AE36: O | AF36: 7 | AG36: 7 | AH36: 10 | AI36: 10 | AJ36: O | AK36: O | AL36: -6 | AM36: 0
A37: OGUNBIYI MUYIWA DARE | B37: 4 | C37: 18006986 | D37: O | E37: O | F37: 7 | G37: 7 | H37: 10 | I37: 10 | J37: O | K37: -5 | L37: 7 | M37: O | N37: 7 | O37: 7 | P37: 10 | Q37: 10 | R37: O | S37: O | T37: -6 | U37: 0 | V37: 7 | W37: 7 | X37: 10 | Y37: 10 | Z37: O | AA37: O | AB37: 7 | AC37: 1 | AD37: 0 | AE37: 7 | AF37: 10 | AG37: 10 | AH37: O | AI37: O | AJ37: 7 | AK37: 7 | AL37: 1 | AM37: 0
A38: POPOOLA VERONICA | B38: 4 | C38: 18005749 | D38: O | E38: 7 | F38: 7 | G38: 7 | H38: 7 | I38: 7 | J38: 7 | K38: 3 | L38: 7 | M38: O | N38: 7 | O38: 7 | P38: 7 | Q38: 7 | R38: 7 | S38: 7 | T38: 2 | U38: 0 | V38: O | W38: 7 | X38: 7 | Y38: 7 | Z38: 7 | AA38: 7 | AB38: 7 | AC38: 2 | AD38: 0 | AE38: O | AF38: 7 | AG38: 7 | AH38: 7 | AI38: 7 | AJ38: 7 | AK38: 7 | AL38: 2 | AM38: 0
A39: AKANDE, OLUFEMI ADEMOLA | B39: 4 | C39: 18004170 | D39: 7 | E39: 10 | F39: 10 | G39: O | H39: O | I39: 7 | J39: 7 | K39: -1 | L39: 10 | M39: 7 | N39: 7 | O39: 10 | P39: 10 | Q39: O | R39: O | S39: 7 | T39: 1 | U39: 0 | V39: 7 | W39: 7 | X39: 7 | Y39: 10 | Z39: 10 | AA39: O | AB39: O | AC39: 1 | AD39: 0 | AE39: 7 | AF39: 7 | AG39: 7 | AH39: 7 | AI39: 10 | AJ39: 10 | AK39: O | AL39: 8 | AM39: 0
A40: AKINYEMI, OZIEGBE VINCENT | B40: 4 | C40: 18004198 | D40: O | E40: O | F40: 8 | G40: 8 | H40: 8 | I40: 14 | J40: 8 | K40: 6 | L40: 8 | M40: O | N40: Off Duty | O40: 8 | P40: 8 | Q40: 8 | R40: 8 | S40: 8 | T40: 0 | U40: 0 | V40: O | W40: O | X40: 8 | Y40: 8 | Z40: 8 | AA40: 8 | AB40: 8 | AC40: 0 | AD40: 0 | AE40: O | AF40: O | AG40: 8 | AH40: 8 | AI40: 8 | AJ40: 8 | AK40: 8 | AL40: 0 | AM40: 0
A41: MIRACLE CHIJOKE ALOZIE | B41: 4 | C41: 18008449 | D41: O | E41: 7 | F41: 7 | G41: 7 | H41: 7 | I41: 10 | J41: 10 | K41: 9 | L41: 7 | M41: O | N41: Off Duty | O41: 7 | P41: 7 | Q41: 7 | R41: 7 | S41: 10 | T41: -2 | U41: 0 | V41: 10 | W41: O | X41: O | Y41: 7 | Z41: 7 | AA41: 7 | AB41: 7 | AC41: -2 | AD41: 0 | AE41: 10 | AF41: 10 | AG41: O | AH41: O | AI41: 7 | AJ41: 7 | AK41: 7 | AL41: 1 | AM41: 0
A42: OKEZUE, CHIGOZIE | B42: 4 | C42: 18004475 | D42: 10 | E42: O | F42: O | G42: 7 | H42: 7 | I42: 7 | J42: 7 | K42: 6 | L42: 0 | M42: 10 | N42: 10 | O42: O | P42: O | Q42: 7 | R42: 7 | S42: 7 | T42: 1 | U42: 0 | V42: 7 | W42: 10 | X42: 10 | Y42: O | Z42: O | AA42: 7 | AB42: 7 | AC42: 1 | AD42: 0 | AE42: 7 | AF42: 7 | AG42: 10 | AH42: 10 | AI42: O | AJ42: O | AK42: 7 | AL42: 1 | AM42: 0
A43: BEN JOSEPH | B43: 4 | C43: 18004283 | D43: 7 | E43: 7 | F43: 7 | G43: 10 | H43: 10 | I43: Overtime | J43: O | K43: 2 | L43: 7 | M43: 7 | N43: 7 | O43: 7 | P43: 7 | Q43: 10 | R43: 10 | S43: O | T43: 8 | U43: 0 | V43: O | W43: 7 | X43: 7 | Y43: 7 | Z43: 7 | AA43: 10 | AB43: 10 | AC43: 8 | AD43: 0 | AE43: O | AF43: O | AG43: 7 | AH43: 7 | AI43: 7 | AJ43: 7 | AK43: 10 | AL43: -2 | AM43: 0
A44: OLAKITAN BABATUNDE | B44: 4 | C44: 18008452 | D44: O | E44: O | F44: 10 | G44: 8 | H44: 8 | I44: 10 | J44: 8 | K44: 2 | L44: 10 | M44: 8 | N44: Off Duty | O44: 8 | P44: 10 | Q44: 8 | R44: 8 | S44: 8 | T44: 10 | U44: 0 | V44: O | W44: O | X44: 10 | Y44: 10 | Z44: 7 | AA44: 7 | AB44: 7 | AC44: 1 | AD44: 0 | AE44: 7 | AF44: 10 | AG44: 10 | AH44: O | AI44: O | AJ44: 7 | AK44: 7 | AL44: 1 | AM44: 0
A45: ADEYEMO, OLUSEGUN | B45: 11 | C45: 18004130 | D45: 7 | E45: 7 | F45: 7 | G45: 10 | H45: 10 | I45: 7 | J45: 7 | K45: 16 | L45: 7 | M45: 7 | N45: 7 | O45: 10 | P45: 7 | Q45: 7 | R45: 7 | S45: 10 | T45: 15 | U45: 0 | V45: 10 | W45: 0 | X45: 0 | Y45: 7 | Z45: 7 | AA45: 7 | AB45: 7 | AC45: -2 | AD45: 0 | AE45: 10 | AF45: 10 | AG45: 0 | AH45: 0 | AI45: 7 | AJ45: 7 | AK45: 7 | AL45: 1 | AM45: 0
A46: LAWAL, ADEKUNLE ADEKUNLE | B46: 11 | C46: 18005160 | D46: 10 | E46: 7 | F46: 7 | G46: 7 | H46: 7 | I46: 10 | J46: 10 | K46: 19 | L46: 7 | M46: 7 | N46: 7 | O46: 7 | P46: 7 | Q46: 7 | R46: 7 | S46: 7 | T46: 9 | U46: 0 | V46: 7 | W46: 10 | X46: 10 | Y46: 0 | Z46: 0 | AA46: 7 | AB46: 7 | AC46: 1 | AD46: 0 | AE46: 7 | AF46: 7 | AG46: 10 | AH46: 10 | AI46: 0 | AJ46: 0 | AK46: 7 | AL46: 1 | AM46: 0
A47: OGUNDIRAN, MURITALA MURITALA | B47: 11 | C47: 18005156 | D47: 7 | E47: 10 | F47: 10 | G47: 7 | H47: 7 | I47: 7 | J47: 7 | K47: 13 | L47: 10 | M47: 10 | N47: 10 | O47: 7 | P47: 7 | Q47: 10 | R47: 10 | S47: 0 | T47: 14 | U47: 0 | V47: 0 | W47: 7 | X47: 7 | Y47: 7 | Z47: 7 | AA47: 10 | AB47: 10 | AC47: 8 | AD47: 0 | AE47: 0 | AF47: 0 | AG47: 7 | AH47: 7 | AI47: 7 | AJ47: 7 | AK47: 10 | AL47: -2 | AM47: 0
A48: ADEDOJA LAPITE | B48: 11 | C48: 18006991 | D48: 7 | E48: 7 | F48: 7 | G48: 10 | H48: 10 | I48: 0 | J48: 0 | K48: 2 | L48: 7 | M48: 7 | N48: 7 | O48: 7 | P48: 7 | Q48: 10 | R48: 10 | S48: 0 | T48: 8 | U48: 0 | V48: 0 | W48: 7 | X48: 7 | Y48: 7 | Z48: 7 | AA48: 10 | AB48: 10 | AC48: 8 | AD48: 0 | AE48: 0 | AF48: 0 | AG48: 7 | AH48: 7 | AI48: 7 | AJ48: 7 | AK48: 10 | AL48: -2 | AM48: 0
A49: ADENEKAN, DAVID ABIODUN | B49: 11 | C49: 18004102 | D49: 7 | E49: 10 | F49: 10 | G49: 0 | H49: 0 | I49: 7 | J49: 7 | K49: -1 | L49: 10 | M49: 7 | N49: 7 | O49: 10 | P49: 10 | Q49: 0 | R49: 0 | S49: 7 | T49: 1 | U49: 0 | V49: 7 | W49: 7 | X49: 7 | Y49: 10 | Z49: 10 | AA49: 0 | AB49: 0 | AC49: 1 | AD49: 0 | AE49: 7 | AF49: 7 | AG49: 7 | AH49: 7 | AI49: 10 | AJ49: 10 | AK49: 0 | AL49: 8 | AM49: 0
A50: AUTA, BAMAIYI BAMAIYI | B50: 11 | C50: 18005157 | D50: 10 | E50: 0 | F50: 0 | G50: 7 | H50: 7 | I50: 7 | J50: 7 | K50: 6 | L50: 0 | M50: 10 | N50: 10 | O50: 0 | P50: 0 | Q50: 7 | R50: 7 | S50: 7 | T50: 1 | U50: 0 | V50: 7 | W50: 10 | X50: 10 | Y50: 0 | Z50: 0 | AA50: 7 | AB50: 7 | AC50: 1 | AD50: 0 | AE50: 7 | AF50: 7 | AG50: 10 | AH50: 10 | AI50: 0 | AJ50: 0 | AK50: 7 | AL50: 1 | AM50: 0
A51: ABDULMUMIN, SULEIMAN | B51: 11 | C51: 18004627 | D51: 0 | E51: 7 | F51: 7 | G51: 7 | H51: 7 | I51: 10 | J51: 10 | K51: 9 | L51: 7 | M51: 0 | N51: 0 | O51: 7 | P51: 7 | Q51: 7 | R51: 7 | S51: 10 | T51: -2 | U51: 0 | V51: 10 | W51: 0 | X51: 0 | Y51: 7 | Z51: 7 | AA51: 7 | AB51: 7 | AC51: -2 | AD51: 0 | AE51: 10 | AF51: 10 | AG51: 0 | AH51: 0 | AI51: 7 | AJ51: 7 | AK51: 7 | AL51: 1 | AM51: 0
A52: ADEPOJU, SAMUEL ADEOLA SAMUEL | B52: 11 | C52: 18005154 | D52: 7 | E52: 7 | F52: 7 | G52: 10 | H52: 10 | I52: 0 | J52: 7 | K52: 9 | L52: 7 | M52: 10 | N52: 0 | O52: 7 | P52: 7 | Q52: 7 | R52: 7 | S52: 10 | T52: 8 | U52: 0 | V52: 10 | W52: 7 | X52: 7 | Y52: 7 | Z52: 7 | AA52: 10 | AB52: 10 | AC52: 18 | AD52: 0 | AE52: 0 | AF52: 0 | AG52: 7 | AH52: 7 | AI52: 7 | AJ52: 7 | AK52: 10 | AL52: -2 | AM52: 0
A53: OKORO GODWIN | B53: 11 | C53: 18006981 | D53: v | E53: v | F53: v | G53: v | H53: v | I53: v | J53: 7 | K53: -1 | L53: 0 | M53: 7 | N53: 7 | O53: 10 | P53: 10 | Q53: 0 | R53: 7 | S53: 14 | T53: 15 | U53: 0 | V53: 7 | W53: 10 | X53: 10 | Y53: 7 | Z53: 7 | AA53: 7 | AB53: 7 | AC53: 15 | AD53: 0 | AE53: 10 | AF53: 10 | AG53: 0 | AH53: 0 | AI53: 7 | AJ53: 7 | AK53: 7 | AL53: 1 | AM53: 0
A54: SHITTU, ADAMS ADAMS | B54: 11 | C54: 18005153 | D54: 10 | E54: 7 | F54: 7 | G54: 14 | H54: 7 | I54: 10 | J54: 10 | K54: 26 | L54: 7 | M54: 0 | N54: 10 | O54: 0 | P54: 0 | Q54: v | R54: v | S54: v | T54: -6 | U54: 0 | V54: v | W54: v | X54: v | Y54: v | Z54: v | AA54: v | AB54: v | AC54: 0 | AD54: 0 | AE54: v | AF54: v | AG54: 7 | AH54: 7 | AI54: 7 | AJ54: 7 | AK54: 10 | AL54: -2 | AM54: 0
A55: SULE, EMMANUEL EMMANUEL | B55: 11 | C55: 18005151 | D55: 7 | E55: 10 | F55: 10 | G55: 7 | H55: 7 | I55: 7 | J55: 0 | K55: 6 | L55: 10 | M55: 7 | N55: 7 | O55: 7 | P55: 7 | Q55: 10 | R55: 10 | S55: 7 | T55: 15 | U55: 0 | V55: 7 | W55: 7 | X55: 7 | Y55: 0 | Z55: 0 | AA55: 7 | AB55: 7 | AC55: -5 | AD55: 0 | AE55: 7 | AF55: 7 | AG55: 10 | AH55: 10 | AI55: 0 | AJ55: 0 | AK55: 7 | AL55: 1 | AM55: 0
A56: FALUYI, ABIODUN JOSEPH | B56: 11 | C56: 18004334 | D56: 7 | E56: 7 | F56: 10 | G56: 10 | H56: 0 | I56: 0 | J56: 7 | K56: -1 | L56: 10 | M56: 7 | N56: 7 | O56: 7 | P56: 10 | Q56: 10 | R56: 0 | S56: 0 | T56: 1 | U56: 0 | V56: 7 | W56: 7 | X56: 7 | Y56: 7 | Z56: 10 | AA56: 10 | AB56: 0 | AC56: 8 | AD56: 0 | AE56: 0 | AF56: 7 | AG56: 7 | AH56: 7 | AI56: 7 | AJ56: 10 | AK56: 10 | AL56: 8 | AM56: 0
A57: OLADIMEJI, OLUSEYI, OLAPOSI | B57: 11 | C57: 18004493 | D57: 0 | E57: 0 | F57: 8 | G57: 8 | H57: 8 | I57: 8 | J57: 8 | K57: 0 | L57: 8 | M57: 10 | N57: 0 | O57: 8 | P57: 8 | Q57: 8 | R57: 8 | S57: 8 | T57: 10 | U57: 0 | V57: 0 | W57: 0 | X57: 8 | Y57: 8 | Z57: 8 | AA57: 8 | AB57: 8 | AC57: 0 | AD57: 0 | AE57: 0 | AF57: 0 | AG57: 8 | AH57: 8 | AI57: 8 | AJ57: 8 | AK57: 8 | AL57: 0 | AM57: 0
A58: RAPHAEL, MONDAY DI | B58: 11 | C58: 18004597 | D58: 0 | E58: 0 | F58: 8 | G58: 8 | H58: 8 | I58: 8 | J58: 8 | K58: 0 | L58: 8 | M58: 8 | N58: 7 | O58: 8 | P58: 8 | Q58: 8 | R58: 8 | S58: 8 | T58: 15 | U58: 0 | V58: 0 | W58: 0 | X58: 8 | Y58: 8 | Z58: 8 | AA58: 8 | AB58: 8 | AC58: 0 | AD58: 0 | AE58: 0 | AF58: 0 | AG58: 8 | AH58: 8 | AI58: 8 | AJ58: 8 | AK58: 8 | AL58: 0 | AM58: 0
A59: BADMUS, SULAIMON AJAGBE | B59: 12 | C59: 18004265 | D59: 10 | E59: 0 | F59: 0 | G59: 7 | H59: 7 | I59: 7 | J59: 14 | K59: 13 | L59: 0 | M59: 10 | N59: 0 | O59: 14 | P59: 10 | Q59: 0 | R59: 14 | S59: 10 | T59: 18 | U59: 0 | V59: 0 | W59: 14 | X59: 10 | Y59: 0 | Z59: 14 | AA59: 10 | AB59: 0 | AC59: 8 | AD59: 0 | AE59: 7 | AF59: 7 | AG59: 10 | AH59: 10 | AI59: 0 | AJ59: 0 | AK59: 7 | AL59: 1 | AM59: 0
A60: OJEBODE, OLUWARANTI BABATUNDE | B60: 12 | C60: 18004463 | D60: 7 | E60: 10 | F60: 10 | G60: 0 | H60: 0 | I60: 7 | J60: V | K60: 0 | L60: 10 | M60: 0 | N60: 0 | O60: V | P60: V | Q60: V | R60: V | S60: V | T60: 0 | U60: 0 | V60: 0 | W60: 0 | X60: V | Y60: V | Z60: V | AA60: V | AB60: 0 | AC60: -8 | AD60: 0 | AE60: 7 | AF60: 7 | AG60: 7 | AH60: 7 | AI60: 10 | AJ60: 10 | AK60: 0 | AL60: 8 | AM60: 0
A61: OLOWOLAFE, THOMAS | B61: 12 | C61: 18004524 | D61: 7 | E61: 7 | F61: 7 | G61: 10 | H61: 10 | I61: 0 | J61: 0 | K61: 2 | L61: 7 | M61: 14 | N61: 10 | O61: 0 | P61: 14 | Q61: 10 | R61: 0 | S61: 14 | T61: 22 | U61: 0 | V61: 10 | W61: 0 | X61: 14 | Y61: 10 | Z61: 0 | AA61: 14 | AB61: 10 | AC61: 18 | AD61: 0 | AE61: 0 | AF61: 0 | AG61: 7 | AH61: 7 | AI61: 7 | AJ61: 7 | AK61: 10 | AL61: -2 | AM61: 0
A62: OLUWADAMILARE, TAIWO EMMANUEL | B62: 12 | C62: 18004533 | D62: 0 | E62: 7 | F62: 7 | G62: 7 | H62: 7 | I62: 10 | J62: 10 | K62: 9 | L62: 7 | M62: 0 | N62: 14 | O62: 10 | P62: 0 | Q62: 14 | R62: 10 | S62: 0 | T62: 8 | U62: 0 | V62: 14 | W62: 10 | X62: p | Y62: 14 | Z62: 10 | AA62: 0 | AB62: 14 | AC62: 22 | AD62: 0 | AE62: 7 | AF62: 7 | AG62: 10 | AH62: 10 | AI62: 0 | AJ62: 0 | AK62: 7 | AL62: 1 | AM62: 0
A63: BADUNG, JOSEPH | B63: 12 | C63: 18004266 | D63: 10 | E63: 0 | F63: 0 | G63: 7 | H63: 7 | I63: 7 | J63: 7 | K63: 6 | L63: 0 | M63: 10 | N63: 10 | O63: 0 | P63: 0 | Q63: 7 | R63: 7 | S63: 7 | T63: 1 | U63: 0 | V63: 7 | W63: 10 | X63: 10 | Y63: 0 | Z63: 0 | AA63: 7 | AB63: 7 | AC63: 1 | AD63: 0 | AE63: 7 | AF63: 7 | AG63: 10 | AH63: 10 | AI63: 0 | AJ63: 0 | AK63: 7 | AL63: 1 | AM63: 0
A64: DUROWADE NAJEEM | B64: 12 | C64: 18006051 | D64: 0 | E64: 7 | F64: 7 | G64: 7 | H64: 7 | I64: 10 | J64: 10 | K64: 9 | L64: 7 | M64: 0 | N64: 0 | O64: 7 | P64: 7 | Q64: 7 | R64: 7 | S64: 10 | T64: -2 | U64: 0 | V64: 10 | W64: 0 | X64: 0 | Y64: 7 | Z64: 7 | AA64: 7 | AB64: 7 | AC64: -2 | AD64: 0 | AE64: 10 | AF64: 10 | AG64: 0 | AH64: 0 | AI64: 7 | AJ64: 7 | AK64: 7 | AL64: 1 | AM64: 0
A65: ILESANMI, FOLARIN DAMILOLA | B65: 12 | C65: 18004362 | D65: 7 | E65: 10 | F65: 10 | G65: 0 | H65: 0 | I65: 7 | J65: 7 | K65: -1 | L65: 10 | M65: 7 | N65: 7 | O65: 10 | P65: 10 | Q65: 0 | R65: 0 | S65: 7 | T65: 1 | U65: 0 | V65: 7 | W65: 7 | X65: 7 | Y65: 10 | Z65: 10 | AA65: 0 | AB65: 0 | AC65: 1 | AD65: 0 | AE65: 7 | AF65: 7 | AG65: 7 | AH65: 7 | AI65: 10 | AJ65: 10 | AK65: 0 | AL65: 8 | AM65: 0
A66: OLABISI, OLADIPO OLABISI | B66: 12 | C66: 18004488 | D66: 7 | E66: 7 | F66: 7 | G66: 10 | H66: 10 | I66: 0 | J66: 0 | K66: 2 | L66: 7 | M66: 7 | N66: 7 | O66: 7 | P66: 7 | Q66: 10 | R66: 10 | S66: 0 | T66: 8 | U66: 0 | V66: 0 | W66: 7 | X66: 7 | Y66: 7 | Z66: 7 | AA66: 10 | AB66: 10 | AC66: 8 | AD66: 0 | AE66: 0 | AF66: 0 | AG66: 7 | AH66: 7 | AI66: 7 | AJ66: 7 | AK66: 10 | AL66: -2 | AM66: 0
A67: DURUGO, MICHAEL UDOKA | B67: 12 | C67: 18004301 | D67: 0 | E67: 0 | F67: V | G67: V | H67: V | I67: V | J67: V | K67: 0 | L67: 0 | M67: 0 | N67: 0 | O67: V | P67: V | Q67: V | R67: V | S67: V | T67: 0 | U67: 0 | V67: 0 | W67: 0 | X67: V | Y67: V | Z67: 10 | AA67: 0 | AB67: 14 | AC67: 0 | AD67: 0 | AE67: 10 | AF67: 0 | AG67: 14 | AH67: 10 | AI67: 0 | AJ67: 14 | AK67: 10 | AL67: 18 | AM67: 0
A68: ERIBA, OJOWU JOHN | B68: 12 | C68: 18004320 | D68: 0 | E68: 14 | F68: 10 | G68: 0 | H68: 14 | I68: 10 | J68: 0 | K68: 6 | L68: 10 | M68: 14 | N68: 10 | O68: 0 | P68: 14 | Q68: 10 | R68: 0 | S68: 14 | T68: 22 | U68: 0 | V68: 10 | W68: 0 | X68: 14 | Y68: 10 | Z68: 0 | AA68: 14 | AB68: 10 | AC68: 18 | AD68: 0 | AE68: 0 | AF68: 14 | AG68: 10 | AH68: 0 | AI68: 14 | AJ68: 10 | AK68: 0 | AL68: 8 | AM68: 0
A69: GBEMIBADE, ADEPETUN OLUWASEYI | B69: 12 | C69: 18004344 | D69: 10 | E69: 0 | F69: 14 | G69: 10 | H69: 0 | I69: 14 | J69: 10 | K69: 12 | L69: 14 | M69: 0 | N69: 14 | O69: 10 | P69: 0 | Q69: 14 | R69: 10 | S69: 0 | T69: 8 | U69: 0 | V69: 14 | W69: 10 | X69: 0 | Y69: 14 | Z69: V | AA69: V | AB69: V | AC69: 22 | AD69: 0 | AE69: 0 | AF69: 0 | AG69: V | AH69: V | AI69: V | AJ69: V | AK69: V | AL69: 0 | AM69: 0
A70: ODUNZE, STANLEY IFEANYI | B70: 12 | C70: 18004425 | D70: 14 | E70: 10 | F70: 0 | G70: 14 | H70: 10 | I70: 0 | J70: 14 | K70: 30 | L70: 0 | M70: 10 | N70: 0 | O70: 14 | P70: 10 | Q70: 0 | R70: 14 | S70: 10 | T70: 18 | U70: 0 | V70: 0 | W70: 14 | X70: 10 | Y70: 0 | Z70: 14 | AA70: 10 | AB70: 0 | AC70: 8 | AD70: 0 | AE70: 14 | AF70: 10 | AG70: 0 | AH70: 14 | AI70: 10 | AJ70: 0 | AK70: 14 | AL70: 22 | AM70: 0
A71: FALADE OMOLOLU | B71: 12 | C71: 18006052 | D71: 0 | E71: 7 | F71: 7 | G71: 7 | H71: 7 | I71: 10 | J71: 10 | K71: 9 | L71: 7 | M71: 0 | N71: 0 | O71: 7 | P71: 7 | Q71: 7 | R71: 7 | S71: 10 | T71: -2 | U71: 0 | V71: 10 | W71: 0 | X71: 0 | Y71: 7 | Z71: 7 | AA71: 7 | AB71: 7 | AC71: -2 | AD71: 0 | AE71: 10 | AF71: 10 | AG71: 0 | AH71: 0 | AI71: 7 | AJ71: 7 | AK71: 7 | AL71: 1 | AM71: 0
A72: OGUNTOLA, JOSEPH IDOWU | B72: 12 | C72: 18004459 | D72: 10 | E72: 0 | F72: 0 | G72: 7 | H72: 7 | I72: 7 | J72: 7 | K72: 6 | L72: 0 | M72: 10 | N72: 10 | O72: 0 | P72: 0 | Q72: 7 | R72: 7 | S72: 7 | T72: 1 | U72: 0 | V72: 7 | W72: 10 | X72: 10 | Y72: 0 | Z72: 0 | AA72: 7 | AB72: 7 | AC72: 1 | AD72: 0 | AE72: 7 | AF72: 7 | AG72: 10 | AH72: 10 | AI72: 0 | AJ72: 0 | AK72: 7 | AL72: 1 | AM72: 0
A73: OBAJULUWA, FEMI VICTOR | B73: 12 | C73: 18004410 | D73: 7 | E73: 10 | F73: 10 | G73: 0 | H73: 0 | I73: 7 | J73: 7 | K73: -1 | L73: 10 | M73: 7 | N73: 7 | O73: 10 | P73: 10 | Q73: 0 | R73: 0 | S73: 7 | T73: 1 | U73: 0 | V73: 7 | W73: 7 | X73: 7 | Y73: 10 | Z73: 10 | AA73: 0 | AB73: 0 | AC73: 1 | AD73: 0 | AE73: 7 | AF73: 7 | AG73: 7 | AH73: 7 | AI73: 10 | AJ73: 10 | AK73: 0 | AL73: 8 | AM73: 0
A74: OLUSHOLA, AMOS GBENGA | B74: 12 | C74: 18004532 | D74: 7 | E74: 7 | F74: 7 | G74: 10 | H74: 10 | I74: 0 | J74: 0 | K74: 2 | L74: 7 | M74: 7 | N74: 7 | O74: 7 | P74: 7 | Q74: 10 | R74: 10 | S74: 0 | T74: 8 | U74: 0 | V74: 0 | W74: 7 | X74: 7 | Y74: 7 | Z74: 7 | AA74: 10 | AB74: 10 | AC74: 8 | AD74: 0 | AE74: 0 | AF74: 0 | AG74: 7 | AH74: 7 | AI74: 7 | AJ74: 7 | AK74: 10 | AL74: -2 | AM74: 0
A75: UCHENDU, CHISOM IKECHUKWU | B75: 12 | C75: 18004636 | D75: 0 | E75: 7 | F75: 14 | G75: 10 | H75: 10 | I75: 0 | J75: 0 | K75: -5 | L75: 14 | M75: 7 | N75: 14 | O75: 10 | P75: 10 | Q75: 0 | R75: 7 | S75: 7 | T75: 15 | U75: 0 | V75: 7 | W75: 10 | X75: 10 | Y75: 0 | Z75: 7 | AA75: 7 | AB75: 7 | AC75: 8 | AD75: 0 | AE75: 10 | AF75: 10 | AG75: 0 | AH75: 0 | AI75: 14 | AJ75: 7 | AK75: 10 | AL75: 11 | AM75: 0
A76: CHRISTOPHER, OLADIMEJI BABATUNDE | B76: 12 | C76: 18006057 | D76: 10 | E76: 0 | F76: 0 | G76: 14 | H76: 7 | I76: 10 | J76: 10 | K76: 19 | L76: 0 | M76: 0 | N76: 0 | O76: 7 | P76: 7 | Q76: 10 | R76: 10 | S76: 0 | T76: -6 | U76: 0 | V76: 0 | W76: 14 | X76: 7 | Y76: 10 | Z76: 10 | AA76: 0 | AB76: 0 | AC76: 1 | AD76: 0 | AE76: 7 | AF76: 14 | AG76: 10 | AH76: 10 | AI76: 0 | AJ76: 0 | AK76: 7 | AL76: 8 | AM76: 0
A77: AKINTUNDE LUKMAN | B77: 13 | C77: 18005748 | D77: 7 | E77: 10 | F77: 10 | G77: 0 | H77: 0 | I77: 7 | J77: 7 | K77: -1 | L77: 10 | M77: 7 | N77: 7 | O77: 10 | P77: 10 | Q77: 0 | R77: 0 | S77: 14 | T77: 8 | U77: 0 | V77: 7 | W77: 7 | X77: 7 | Y77: 10 | Z77: 10 | AA77: 0 | AB77: 0 | AC77: 1 | AD77: 0 | AE77: 7 | AF77: 7 | AG77: 7 | AH77: 7 | AI77: 10 | AJ77: 10 | AK77: 0 | AL77: 8 | AM77: 0
A78: MUTAIRU RASAQ | B78: 13 | C78: 18005747 | D78: 7 | E78: 7 | F78: 0 | G78: 10 | H78: 10 | I78: 0 | J78: 0 | K78: 2 | L78: 0 | M78: 7 | N78: 7 | O78: 7 | P78: 7 | Q78: 10 | R78: 10 | S78: 0 | T78: 8 | U78: 0 | V78: 0 | W78: 7 | X78: 7 | Y78: 7 | Z78: 7 | AA78: 10 | AB78: 10 | AC78: 8 | AD78: 0 | AE78: 0 | AF78: 0 | AG78: 7 | AH78: 7 | AI78: 7 | AJ78: 7 | AK78: 10 | AL78: -2 | AM78: 0
A79: ASAFA, IBRAHIM | B79: 13 | C79: 18008467 | D79: 0 | E79: 7 | F79: 0 | G79: 7 | H79: 7 | I79: 10 | J79: 10 | K79: 9 | L79: 0 | M79: 0 | N79: 0 | O79: 7 | P79: 7 | Q79: 7 | R79: 7 | S79: 10 | T79: -2 | U79: 0 | V79: 10 | W79: 0 | X79: 0 | Y79: 7 | Z79: 7 | AA79: 7 | AB79: 7 | AC79: -2 | AD79: 0 | AE79: 10 | AF79: 10 | AG79: 0 | AH79: 0 | AI79: 7 | AJ79: 7 | AK79: 7 | AL79: 1 | AM79: 0
A80: AHANIHEONYE CHIGOZIE | B80: 13 | C80: 18005739 | D80: Vacation | E80: V | F80: V | G80: V | H80: V | I80: 10 | J80: 0 | K80: -6 | L80: 0 | M80: 14 | N80: 10 | O80: 0 | P80: 14 | Q80: 10 | R80: 0 | S80: 14 | T80: 22 | U80: 0 | V80: 10 | W80: 0 | X80: 0 | Y80: 7 | Z80: 7 | AA80: 7 | AB80: 7 | AC80: -2 | AD80: 0 | AE80: 10 | AF80: 10 | AG80: 0 | AH80: 0 | AI80: 7 | AJ80: 7 | AK80: 7 | AL80: 1 | AM80: 0
A81: KIYESOLA, BOLUWAJU MICHAEL | B81: 13 | C81: 18004384 | D81: 10 | E81: 0 | F81: 0 | G81: 10 | H81: 0 | I81: 14 | J81: 10 | K81: 12 | L81: 0 | M81: 0 | N81: 14 | O81: 10 | P81: 0 | Q81: 14 | R81: 10 | S81: 0 | T81: 8 | U81: 0 | V81: 14 | W81: 10 | X81: 0 | Y81: 7 | Z81: 7 | AA81: 10 | AB81: 10 | AC81: 18 | AD81: 0 | AE81: 0 | AF81: 0 | AG81: 7 | AH81: 7 | AI81: 7 | AJ81: 7 | AK81: 10 | AL81: -2 | AM81: 0
A82: OSHOBA HAKEEM | B82: 13 | C82: 18005750 | D82: 14 | E82: 10 | F82: 0 | G82: 14 | H82: 10 | I82: 0 | J82: 14 | K82: 30 | L82: 0 | M82: 10 | N82: 0 | O82: 14 | P82: 10 | Q82: 0 | R82: 14 | S82: 10 | T82: 18 | U82: 0 | V82: 0 | W82: 14 | X82: 10 | Y82: 0 | Z82: 0 | AA82: 7 | AB82: 7 | AC82: -2 | AD82: 0 | AE82: 7 | AF82: 7 | AG82: 10 | AH82: 10 | AI82: 0 | AJ82: 0 | AK82: 7 | AL82: 1 | AM82: 0
A83: HARRISON OKONGWU | B83: 13 | C83: 18004481 | D83: 0 | E83: 14 | F83: 0 | G83: 0 | H83: 0 | I83: V | J83: V | K83: -2 | L83: 0 | M83: V | N83: V | O83: V | P83: V | Q83: V | R83: V | S83: V | T83: 0 | U83: 0 | V83: V | W83: V | X83: 14 | Y83: 10 | Z83: 10 | AA83: 0 | AB83: 0 | AC83: -6 | AD83: 0 | AE83: 7 | AF83: 7 | AG83: 7 | AH83: 7 | AI83: 10 | AJ83: 10 | AK83: 0 | AL83: 8 | AM83: 0
A84: ADEKANYE, JULIANA MOJISOLA | B84: 13 | C84: 18004093 | D84: 7 | E84: 0 | F84: 0 | G84: 7 | H84: 7 | I84: 7 | J84: 7 | K84: 3 | L84: 0 | M84: 7 | N84: 0 | O84: 7 | P84: 7 | Q84: 7 | R84: 7 | S84: 14 | T84: 9 | U84: 0 | V84: 7 | W84: 0 | X84: 7 | Y84: 7 | Z84: V | AA84: V | AB84: V | AC84: 5 | AD84: 0 | AE84: V | AF84: V | AG84: V | AH84: V | AI84: V | AJ84: V | AK84: V | AL84: 0 | AM84: 0
A85: JACOB SUCCESS FELIX | B85: 13 | C85: 18005308 | D85: 10 | E85: 0 | F85: 0 | G85: 7 | H85: 7 | I85: 7 | J85: 7 | K85: 6 | L85: 0 | M85: 0 | N85: 10 | O85: 0 | P85: 0 | Q85: 7 | R85: 7 | S85: 14 | T85: -2 | U85: 0 | V85: 7 | W85: 10 | X85: 10 | Y85: 0 | Z85: 0 | AA85: 7 | AB85: 7 | AC85: 1 | AD85: 0 | AE85: 7 | AF85: 7 | AG85: 10 | AH85: 10 | AI85: 0 | AJ85: 0 | AK85: 7 | AL85: 1 | AM85: 0
A86: ODERINDE, MICHAEL OLALEKAN | B86: 13 | C86: 18004420 | D86: 10 | E86: 0 | F86: 0 | G86: 7 | H86: 7 | I86: 7 | J86: 7 | K86: 6 | L86: 0 | M86: 0 | N86: 10 | O86: 0 | P86: 0 | Q86: 7 | R86: 7 | S86: 14 | T86: -2 | U86: 0 | V86: 7 | W86: 10 | X86: 10 | Y86: 0 | Z86: 0 | AA86: 7 | AB86: 7 | AC86: 1 | AD86: 0 | AE86: 7 | AF86: 7 | AG86: 10 | AH86: 10 | AI86: 0 | AJ86: 0 | AK86: 7 | AL86: 1 | AM86: 0
A87: SADIKU, JIMOH DEJI | B87: 13 | C87: 18004602 | D87: 7 | E87: 10 | F87: 0 | G87: 0 | H87: 0 | I87: 7 | J87: 7 | K87: -1 | L87: 0 | M87: 10 | N87: 10 | O87: 0 | P87: 0 | Q87: 7 | R87: 7 | S87: 10 | T87: 4 | U87: 0 | V87: 10 | W87: 0 | X87: 0 | Y87: 7 | Z87: 14 | AA87: 10 | AB87: 0 | AC87: 1 | AD87: 0 | AE87: 14 | AF87: 10 | AG87: 0 | AH87: 14 | AI87: 10 | AJ87: 0 | AK87: 14 | AL87: 22 | AM87: 0
A88: SHEDU, OLAMIDE OLUWATOSIN | B88: 13 | C88: 18004614 | D88: 0 | E88: 14 | F88: 0 | G88: 10 | H88: 10 | I88: 0 | J88: 0 | K88: 2 | L88: 0 | M88: 7 | N88: 14 | O88: 10 | P88: 10 | Q88: 0 | R88: 0 | S88: 14 | T88: 15 | U88: 0 | V88: 7 | W88: 10 | X88: 10 | Y88: 0 | Z88: 0 | AA88: 14 | AB88: 10 | AC88: 11 | AD88: 0 | AE88: 0 | AF88: 14 | AG88: 10 | AH88: 0 | AI88: 14 | AJ88: 10 | AK88: 0 | AL88: 8 | AM88: 0
A89: AYOADE, RAMONI ADEOLA | B89: 13 | C89: 18004251 | D89: Vacation | E89: V | F89: V | G89: V | H89: V | I89: 7 | J89: 7 | K89: -2 | L89: 0 | M89: 7 | N89: 7 | O89: 10 | P89: 10 | Q89: 0 | R89: 0 | S89: 14 | T89: 8 | U89: 0 | V89: 7 | W89: 10 | X89: 10 | Y89: 0 | Z89: 0 | AA89: 14 | AB89: 10 | AC89: 11 | AD89: 0 | AE89: 0 | AF89: 14 | AG89: 10 | AH89: 0 | AI89: 14 | AJ89: 10 | AK89: 0 | AL89: 8 | AM89: 0
A90: DADA JOHN OPEYEMI | B90: 13 | C90: 18006056 | D90: 14 | E90: 10 | F90: 0 | G90: 14 | H90: 10 | I90: 0 | J90: 7 | K90: 23 | L90: 0 | M90: 10 | N90: 10 | O90: 0 | P90: 0 | Q90: 7 | R90: 7 | S90: 14 | T90: 8 | U90: 0 | V90: 7 | W90: 10 | X90: 10 | Y90: 0 | Z90: 0 | AA90: 7 | AB90: 7 | AC90: 1 | AD90: 0 | AE90: 7 | AF90: 7 | AG90: 10 | AH90: 10 | AI90: 0 | AJ90: 0 | AK90: 7 | AL90: 1 | AM90: 0
A91: ODEJA, EVERESTUS ONYEMA | B91: 13 | C91: 18004419 | D91: 10 | E91: 0 | F91: 0 | G91: 10 | H91: 0 | I91: 7 | J91: 10 | K91: 5 | L91: 0 | M91: 0 | N91: 0 | O91: 7 | P91: 7 | Q91: 7 | R91: 7 | S91: 10 | T91: -2 | U91: 0 | V91: 10 | W91: 0 | X91: 0 | Y91: 7 | Z91: 7 | AA91: 7 | AB91: 7 | AC91: -2 | AD91: 0 | AE91: 10 | AF91: 10 | AG91: 0 | AH91: 0 | AI91: 7 | AJ91: 7 | AK91: 7 | AL91: 1 | AM91: 0
A92: OKHAIGBE, BARRY EHIS | B92: 13 | C92: 18004476 | D92: V | E92: V | F92: V | G92: V | H92: V | I92: V | J92: V | K92: 0 | L92: 0 | M92: V | N92: V | O92: 7 | P92: 7 | Q92: 7 | R92: 7 | S92: 8 | T92: -4 | U92: 0 | V92: 8 | W92: 0 | X92: 8 | Y92: 8 | Z92: 8 | AA92: 8 | AB92: 0 | AC92: 0 | AD92: 0 | AE92: 0 | AF92: 10 | AG92: 0 | AH92: 0 | AI92: 7 | AJ92: 7 | AK92: 7 | AL92: -9 | AM92: 0
A93: OPATOLA, YEMI TAIWO | B93: 13 | C93: 18004559 | D93: 0 | E93: 14 | F93: 0 | G93: 0 | H93: 14 | I93: 10 | J93: 0 | K93: 6 | L93: 0 | M93: 7 | N93: 7 | O93: 7 | P93: 7 | Q93: 10 | R93: 10 | S93: 0 | T93: 8 | U93: 0 | V93: 0 | W93: 7 | X93: 7 | Y93: 7 | Z93: 7 | AA93: 10 | AB93: 10 | AC93: 8 | AD93: 0 | AE93: 0 | AF93: 0 | AG93: 7 | AH93: 7 | AI93: 7 | AJ93: 7 | AK93: 10 | AL93: -2 | AM93: 0
A94: ABIDEMI SOYINKA | B94: 13 | C94: 18005740 | D94: 7 | E94: 10 | F94: 0 | G94: 0 | H94: 0 | I94: 0 | J94: 7 | K94: -8 | L94: 0 | M94: 7 | N94: 7 | O94: 10 | P94: 10 | Q94: 0 | R94: 0 | S94: 14 | T94: 8 | U94: 0 | V94: 7 | W94: 7 | X94: 7 | Y94: 10 | Z94: 10 | AA94: 0 | AB94: 0 | AC94: 1 | AD94: 0 | AE94: 7 | AF94: 7 | AG94: 7 | AH94: 7 | AI94: 10 | AJ94: 10 | AK94: 0 | AL94: 8 | AM94: 0
A95: ADEBAYO, SAMSON SAMSON | B95: 13 | C95: 18005163 | D95: 10 | E95: 0 | F95: 0 | G95: 7 | H95: 7 | I95: 7 | J95: 7 | K95: 6 | L95: 0 | M95: 10 | N95: 10 | O95: 0 | P95: 0 | Q95: 7 | R95: 7 | S95: 14 | T95: 8 | U95: 0 | V95: 7 | W95: 10 | X95: 10 | Y95: 0 | Z95: 0 | AA95: 7 | AB95: 7 | AC95: 1 | AD95: 0 | AE95: 7 | AF95: 7 | AG95: 10 | AH95: 10 | AI95: 0 | AJ95: 0 | AK95: 7 | AL95: 1 | AM95: 0
A96: AGBAYEMI TUNDE | B96: 13 | C96: 18005746 | D96: 0 | E96: 7 | F96: 0 | G96: 7 | H96: 7 | I96: 10 | J96: 10 | K96: 9 | L96: 0 | M96: 0 | N96: 0 | O96: 7 | P96: 7 | Q96: 7 | R96: 7 | S96: 10 | T96: -2 | U96: 0 | V96: 10 | W96: 0 | X96: 0 | Y96: 7 | Z96: 7 | AA96: 7 | AB96: 7 | AC96: -2 | AD96: 0 | AE96: 10 | AF96: 10 | AG96: 0 | AH96: 0 | AI96: 7 | AJ96: 7 | AK96: 7 | AL96: 1 | AM96: 0
A97: TELLA, ADESOLA ADESOLA | B97: 13 | C97: 18005159 | D97: 7 | E97: 7 | F97: 0 | G97: 10 | H97: 10 | I97: 0 | J97: 0 | K97: 2 | L97: 0 | M97: 7 | N97: 7 | O97: 7 | P97: 7 | Q97: 10 | R97: 10 | S97: 0 | T97: 8 | U97: 0 | V97: 0 | W97: 7 | X97: 7 | Y97: 7 | Z97: 7 | AA97: 10 | AB97: 10 | AC97: 8 | AD97: 0 | AE97: 0 | AF97: 0 | AG97: 7 | AH97: 7 | AI97: 7 | AJ97: 7 | AK97: 10 | AL97: -2 | AM97: 0
A98: AKINLOYE, VICTOR OLUWATOSIN | B98: 14 | C98: 18006751 | D98: V | E98: V | F98: V | G98: V | H98: V | I98: V | J98: V | K98: 0 | L98: 0 | M98: V | N98: V | O98: V | P98: V | Q98: 7 | R98: 7 | S98: 7 | T98: -3 | U98: 0 | V98: 7 | W98: 10 | X98: 10 | Y98: O | Z98: O | AA98: 7 | AB98: 7 | AC98: 1 | AD98: 0 | AE98: 7 | AF98: 7 | AG98: 10 | AH98: 10 | AI98: O | AJ98: O | AK98: 7 | AL98: 1 | AM98: 0
A99: MADUKWE, KELVIN NKEMAKOLAM | B99: 14 | C99: 18006752 | D99: 10 | E99: O | F99: 14 | G99: 10 | H99: O | I99: 14 | J99: 10 | K99: 12 | L99: 14 | M99: O | N99: 14 | O99: 10 | P99: O | Q99: 7 | R99: 7 | S99: 10 | T99: 8 | U99: 0 | V99: 10 | W99: O | X99: O | Y99: 7 | Z99: 7 | AA99: 7 | AB99: 7 | AC99: -2 | AD99: 0 | AE99: 10 | AF99: 10 | AG99: O | AH99: O | AI99: 7 | AJ99: 7 | AK99: 7 | AL99: 1 | AM99: 0
A100: SIMPA, PETER | B100: 14 | C100: 18006756 | D100: 14 | E100: 10 | F100: O | G100: 14 | H100: 10 | I100: O | J100: 14 | K100: 30 | L100: 0 | M100: 10 | N100: Off Duty | O100: 14 | P100: 10 | Q100: O | R100: O | S100: 7 | T100: 1 | U100: 0 | V100: 7 | W100: 7 | X100: 7 | Y100: 10 | Z100: 10 | AA100: O | AB100: O | AC100: 1 | AD100: 0 | AE100: 7 | AF100: 7 | AG100: 7 | AH100: 7 | AI100: 10 | AJ100: 10 | AK100: O | AL100: 8 | AM100: 0
A101: SUNDAY, NDUKAKU | B101: 14 | C101: 18006755 | D101: O | E101: 14 | F101: 10 | G101: O | H101: 14 | I101: 10 | J101: O | K101: 6 | L101: 10 | M101: 14 | N101: 10 | O101: O | P101: 14 | Q101: 10 | R101: 10 | S101: O | T101: 18 | U101: 0 | V101: O | W101: 7 | X101: 7 | Y101: 7 | Z101: 7 | AA101: 10 | AB101: 10 | AC101: 8 | AD101: 0 | AE101: O | AF101: O | AG101: 7 | AH101: 7 | AI101: 7 | AJ101: 7 | AK101: 10 | AL101: -2 | AM101: 0
...

Sheet Line 3
A1: Monthly Timesheet | BZ1: Nigerian Bottling Company | CA1: Nigerian Bottling Company | CB1: Monthly Timesheet Template
CB2: © 2016 Vertex42 LLC
A3: Function | B3: [Manufacturing] | I3: Holiday | R3: H
A4: Department | B4: [Production] | E4: Vacation | H4: V | J4: Overtime | M4: OT | R4: Examination Leave | V4: EL | AE4: Public Holidays
A5: Location | B5: [Lagos] | E5: Sick Leave | H5: SL | J5: Public Holidays | M5: PH | R5: Casual leave | V5: CAL
A6: Start Week Containing | B6: 44408 | E6: Maternity Leave | H6: ML | J6: Absentism | M6: AB | R6: Off Duty | V6: O
B7: Friday | C7: =MOD(MATCH(B7,{"Sunday";"Monday";"Tuesday";"Wednesday";"Thursday";"Friday";"Saturday"},0),7)+1 -> 7 | E7: Training | H7: T | J7: Compensation leave | M7: CL | R7: Exemption | V7: E | AJ7: Target | AO7: 1000000
AJ8: Actual | AO8: =CB45 -> 905353.42
A9: Total Week in the Month | E9: =IFERROR(COUNTIF(LINE8_PH,E11),0) -> 0 | F9: =IFERROR(COUNTIF(LINE8_PH,F11),0) -> 0 | G9: =IFERROR(COUNTIF(LINE8_PH,G11),0) -> 0 | H9: =IFERROR(COUNTIF(LINE8_PH,H11),0) -> 0 | I9: =IFERROR(COUNTIF(LINE8_PH,I11),0) -> 0 | J9: =IFERROR(COUNTIF(LINE8_PH,J11),0) -> 0 | K9: =IFERROR(COUNTIF(LINE8_PH,K11),0) -> 0 | L9: =SUM(G9:K9) -> 0 | M9: =COUNTIF(LINE8_PH,M11) -> 0 | Q9: =IFERROR(COUNTIF(LINE8_PH,Q11),0) -> 0 | R9: =IFERROR(COUNTIF(LINE8_PH,R11),0) -> 0 | S9: =IFERROR(COUNTIF(LINE8_PH,S11),0) -> 0 | T9: =IFERROR(COUNTIF(LINE8_PH,T11),0) -> 0 | U9: =IFERROR(COUNTIF(LINE8_PH,U11),0) -> 0 | V9: =IFERROR(COUNTIF(LINE8_PH,V11),0) -> 0 | W9: =IFERROR(COUNTIF(LINE8_PH,W11),0) -> 0 | X9: =SUM(S9:W9) -> 0 | Y9: =COUNTIF(LINE8_PH,Y11) -> 0 | AC9: =IFERROR(COUNTIF(LINE8_PH,AC11),0) -> 0 | AD9: =IFERROR(COUNTIF(LINE8_PH,AD11),0) -> 0 | AE9: =IFERROR(COUNTIF(LINE8_PH,AE11),0) -> 0 | AF9: =IFERROR(COUNTIF(LINE8_PH,AF11),0) -> 0 | AG9: =IFERROR(COUNTIF(LINE8_PH,AG11),0) -> 0 | AH9: =IFERROR(COUNTIF(LINE8_PH,AH11),0) -> 0 | AI9: =IFERROR(COUNTIF(LINE8_PH,AI11),0) -> 0 | AJ9: =SUM(AE9:AI9) -> 0 | AK9: =COUNTIF(LINE8_PH,AK11) -> 0 | AO9: =IFERROR(COUNTIF(LINE8_PH,AO11),0) -> 0 | AP9: =IFERROR(COUNTIF(LINE8_PH,AP11),0) -> 0 | AQ9: =IFERROR(COUNTIF(LINE8_PH,AQ11),0) -> 0 | AR9: =IFERROR(COUNTIF(LINE8_PH,AR11),0) -> 0 | AS9: =IFERROR(COUNTIF(LINE8_PH,AS11),0) -> 0 | AT9: =IFERROR(COUNTIF(LINE8_PH,AT11),0) -> 0 | AU9: =IFERROR(COUNTIF(LINE8_PH,AU11),0) -> 0 | AV9: =SUM(AQ9:AU9) -> 0 | AW9: =COUNTIF(LINE8_PH,AW11) -> 0 | BA9: =IFERROR(COUNTIF(LINE8_PH,BA11),0) -> 0 | BB9: =IFERROR(COUNTIF(LINE8_PH,BB11),0) -> 0 | BC9: =IFERROR(COUNTIF(LINE8_PH,BC11),0) -> 0 | BD9: =IFERROR(COUNTIF(LINE8_PH,BD11),0) -> 0 | BE9: =IFERROR(COUNTIF(LINE8_PH,BE11),0) -> 0 | BF9: =IFERROR(COUNTIF(LINE8_PH,BF11),0) -> 0 | BG9: =IFERROR(COUNTIF(LINE8_PH,BG11),0) -> 0 | BH9: =SUM(BC9:BG9) -> 0 | BI9: =COUNTIF(LINE8_PH,BI11) -> 0 | BM9: =IFERROR(COUNTIF(LINE8_PH,BM11),0) -> 0 | BN9: =IFERROR(COUNTIF(LINE8_PH,BN11),0) -> 0 | BO9: =IFERROR(COUNTIF(LINE8_PH,BO11),0) -> 0 | BP9: =IFERROR(COUNTIF(LINE8_PH,BP11),0) -> 0 | BQ9: =IFERROR(COUNTIF(LINE8_PH,BQ11),0) -> 0 | BR9: =IFERROR(COUNTIF(LINE8_PH,BR11),0) -> 0 | BS9: =IFERROR(COUNTIF(LINE8_PH,BS11),0) -> 0 | BT9: =SUM(BO9:BS9) -> 0 | BU9: =COUNTIF(LINE8_PH,BU11) -> 0 | BZ9: =COUNTIF(LINE8_PH,BZ11) -> 0
E10: =IF(OR(C11="",MONTH(E11)<>MONTH(C11)),TEXT(E11,"mmm"),"") -> Jul | F10: =IF(OR(E11="",MONTH(F11)<>MONTH(E11)),TEXT(F11,"mmm"),"") -> Aug | G10: =IF(OR(F11="",MONTH(G11)<>MONTH(F11)),TEXT(G11,"mmm"),"") | H10: =IF(OR(G11="",MONTH(H11)<>MONTH(G11)),TEXT(H11,"mmm"),"") | I10: =IF(OR(H11="",MONTH(I11)<>MONTH(H11)),TEXT(I11,"mmm"),"") | J10: =IF(OR(I11="",MONTH(J11)<>MONTH(I11)),TEXT(J11,"mmm"),"") | K10: =IF(OR(J11="",MONTH(K11)<>MONTH(J11)),TEXT(K11,"mmm"),"") | Q10: =IF(OR(K11="",MONTH(Q11)<>MONTH(K11)),TEXT(Q11,"mmm"),"") | R10: =IF(OR(Q11="",MONTH(R11)<>MONTH(Q11)),TEXT(R11,"mmm"),"") | S10: =IF(OR(R11="",MONTH(S11)<>MONTH(R11)),TEXT(S11,"mmm"),"") | T10: =IF(OR(S11="",MONTH(T11)<>MONTH(S11)),TEXT(T11,"mmm"),"") | U10: =IF(OR(T11="",MONTH(U11)<>MONTH(T11)),TEXT(U11,"mmm"),"") | V10: =IF(OR(U11="",MONTH(V11)<>MONTH(U11)),TEXT(V11,"mmm"),"") | W10: =IF(OR(V11="",MONTH(W11)<>MONTH(V11)),TEXT(W11,"mmm"),"") | AC10: =IF(OR(W11="",MONTH(AC11)<>MONTH(W11)),TEXT(AC11,"mmm"),"") | AD10: =IF(OR(AC11="",MONTH(AD11)<>MONTH(AC11)),TEXT(AD11,"mmm"),"") | AE10: =IF(OR(AD11="",MONTH(AE11)<>MONTH(AD11)),TEXT(AE11,"mmm"),"") | AF10: =IF(OR(AE11="",MONTH(AF11)<>MONTH(AE11)),TEXT(AF11,"mmm"),"") | AG10: =IF(OR(AF11="",MONTH(AG11)<>MONTH(AF11)),TEXT(AG11,"mmm"),"") | AH10: =IF(OR(AG11="",MONTH(AH11)<>MONTH(AG11)),TEXT(AH11,"mmm"),"") | AI10: =IF(OR(AH11="",MONTH(AI11)<>MONTH(AH11)),TEXT(AI11,"mmm"),"") | AO10: =IF(OR(AI11="",MONTH(AO11)<>MONTH(AI11)),TEXT(AO11,"mmm"),"") | AP10: =IF(OR(AO11="",MONTH(AP11)<>MONTH(AO11)),TEXT(AP11,"mmm"),"") | AQ10: =IF(OR(AP11="",MONTH(AQ11)<>MONTH(AP11)),TEXT(AQ11,"mmm"),"") | AR10: =IF(OR(AQ11="",MONTH(AR11)<>MONTH(AQ11)),TEXT(AR11,"mmm"),"") | AS10: =IF(OR(AR11="",MONTH(AS11)<>MONTH(AR11)),TEXT(AS11,"mmm"),"") | AT10: =IF(OR(AS11="",MONTH(AT11)<>MONTH(AS11)),TEXT(AT11,"mmm"),"") | AU10: =IF(OR(AT11="",MONTH(AU11)<>MONTH(AT11)),TEXT(AU11,"mmm"),"") | BA10: =IF(OR(AU11="",MONTH(BA11)<>MONTH(AU11)),TEXT(BA11,"mmm"),"") | BM10: =IF(OR(BG11="",MONTH(BM11)<>MONTH(BG11)),TEXT(BM11,"mmm"),"")
E11: =B6 -> 44408 | F11: =E11+1 -> 44409 | G11: =F11+1 -> 44410 | H11: =G11+1 -> 44411 | I11: =H11+1 -> 44412 | J11: =I11+1 -> 44413 | K11: =J11+1 -> 44414 | Q11: =K11+1 -> 44415 | R11: =Q11+1 -> 44416 | S11: =R11+1 -> 44417 | T11: =S11+1 -> 44418 | U11: =T11+1 -> 44419 | V11: =U11+1 -> 44420 | W11: =V11+1 -> 44421 | AC11: =W11+1 -> 44422 | AD11: =AC11+1 -> 44423 | AE11: =AD11+1 -> 44424 | AF11: =AE11+1 -> 44425 | AG11: =AF11+1 -> 44426 | AH11: =AG11+1 -> 44427 | AI11: =AH11+1 -> 44428 | AO11: =AI11+1 -> 44429 | AP11: =AO11+1 -> 44430 | AQ11: =AP11+1 -> 44431 | AR11: =AQ11+1 -> 44432 | AS11: =AR11+1 -> 44433 | AT11: =AS11+1 -> 44434 | AU11: =AT11+1 -> 44435 | BA11: =AU11+1 -> 44436 | BB11: =BA11+1 -> 44437 | BC11: =BB11+1 -> 44438 | BD11: =BC11+1 -> 44439 | BE11: =BD11+1 -> 44440 | BF11: =BE11+1 -> 44441 | BG11: =BF11+1 -> 44442 | BM11: =BG11+1 -> 44443 | BN11: =BM11+1 -> 44444 | BO11: =BN11+1 -> 44445 | BP11: =BO11+1 -> 44446 | BQ11: =BP11+1 -> 44447 | BR11: =BQ11+1 -> 44448 | BS11: =BR11+1 -> 44449
A12: Employee Name | B12: Position | C12: ID | D12: Basic | E12: =CHOOSE(WEEKDAY(E11,1),"Su","M","Tu","W","Th","F","Sa") -> Sa | F12: =CHOOSE(WEEKDAY(F11,1),"Su","M","Tu","W","Th","F","Sa") -> Su | G12: =CHOOSE(WEEKDAY(G11,1),"Su","M","Tu","W","Th","F","Sa") -> M | H12: =CHOOSE(WEEKDAY(H11,1),"Su","M","Tu","W","Th","F","Sa") -> Tu | I12: =CHOOSE(WEEKDAY(I11,1),"Su","M","Tu","W","Th","F","Sa") -> W | J12: =CHOOSE(WEEKDAY(J11,1),"Su","M","Tu","W","Th","F","Sa") -> Th | K12: =CHOOSE(WEEKDAY(K11,1),"Su","M","Tu","W","Th","F","Sa") -> F | L12: OT | M12: PH | Q12: =CHOOSE(WEEKDAY(Q11,1),"Su","M","Tu","W","Th","F","Sa") -> Sa | R12: =CHOOSE(WEEKDAY(R11,1),"Su","M","Tu","W","Th","F","Sa") -> Su | S12: =CHOOSE(WEEKDAY(S11,1),"Su","M","Tu","W","Th","F","Sa") -> M | T12: =CHOOSE(WEEKDAY(T11,1),"Su","M","Tu","W","Th","F","Sa") -> Tu | U12: =CHOOSE(WEEKDAY(U11,1),"Su","M","Tu","W","Th","F","Sa") -> W | V12: =CHOOSE(WEEKDAY(V11,1),"Su","M","Tu","W","Th","F","Sa") -> Th | W12: =CHOOSE(WEEKDAY(W11,1),"Su","M","Tu","W","Th","F","Sa") -> F | X12: OT | Y12: PH | AC12: =CHOOSE(WEEKDAY(AC11,1),"Su","M","Tu","W","Th","F","Sa") -> Sa | AD12: =CHOOSE(WEEKDAY(AD11,1),"Su","M","Tu","W","Th","F","Sa") -> Su | AE12: =CHOOSE(WEEKDAY(AE11,1),"Su","M","Tu","W","Th","F","Sa") -> M | AF12: =CHOOSE(WEEKDAY(AF11,1),"Su","M","Tu","W","Th","F","Sa") -> Tu | AG12: =CHOOSE(WEEKDAY(AG11,1),"Su","M","Tu","W","Th","F","Sa") -> W | AH12: =CHOOSE(WEEKDAY(AH11,1),"Su","M","Tu","W","Th","F","Sa") -> Th | AI12: =CHOOSE(WEEKDAY(AI11,1),"Su","M","Tu","W","Th","F","Sa") -> F | AJ12: OT | AK12: PH | AO12: =CHOOSE(WEEKDAY(AO11,1),"Su","M","Tu","W","Th","F","Sa") -> Sa | AP12: =CHOOSE(WEEKDAY(AP11,1),"Su","M","Tu","W","Th","F","Sa") -> Su | AQ12: =CHOOSE(WEEKDAY(AQ11,1),"Su","M","Tu","W","Th","F","Sa") -> M | AR12: =CHOOSE(WEEKDAY(AR11,1),"Su","M","Tu","W","Th","F","Sa") -> Tu | AS12: =CHOOSE(WEEKDAY(AS11,1),"Su","M","Tu","W","Th","F","Sa") -> W | AT12: =CHOOSE(WEEKDAY(AT11,1),"Su","M","Tu","W","Th","F","Sa") -> Th | AU12: =CHOOSE(WEEKDAY(AU11,1),"Su","M","Tu","W","Th","F","Sa") -> F | AV12: OT | AW12: PH | BA12: =CHOOSE(WEEKDAY(BA11,1),"Su","M","Tu","W","Th","F","Sa") -> Sa | BB12: =CHOOSE(WEEKDAY(BB11,1),"Su","M","Tu","W","Th","F","Sa") -> Su | BC12: =CHOOSE(WEEKDAY(BC11,1),"Su","M","Tu","W","Th","F","Sa") -> M | BD12: =CHOOSE(WEEKDAY(BD11,1),"Su","M","Tu","W","Th","F","Sa") -> Tu | BE12: =CHOOSE(WEEKDAY(BE11,1),"Su","M","Tu","W","Th","F","Sa") -> W | BF12: =CHOOSE(WEEKDAY(BF11,1),"Su","M","Tu","W","Th","F","Sa") -> Th | BG12: =CHOOSE(WEEKDAY(BG11,1),"Su","M","Tu","W","Th","F","Sa") -> F | BH12: OT | BI12: PH | BM12: =CHOOSE(WEEKDAY(BM11,1),"Su","M","Tu","W","Th","F","Sa") -> Sa | BN12: =CHOOSE(WEEKDAY(BN11,1),"Su","M","Tu","W","Th","F","Sa") -> Su | BO12: =CHOOSE(WEEKDAY(BO11,1),"Su","M","Tu","W","Th","F","Sa") -> M | BP12: =CHOOSE(WEEKDAY(BP11,1),"Su","M","Tu","W","Th","F","Sa") -> Tu | BQ12: =CHOOSE(WEEKDAY(BQ11,1),"Su","M","Tu","W","Th","F","Sa") -> W | BR12: =CHOOSE(WEEKDAY(BR11,1),"Su","M","Tu","W","Th","F","Sa") -> Th | BS12: =CHOOSE(WEEKDAY(BS11,1),"Su","M","Tu","W","Th","F","Sa") -> F | BT12: OT | BU12: PH | BZ12: Total OT Hrs | CA12: Total PH Hrs | CB12: OT Amount | CC12: OD rate | CD12: PH rate
B13: 3 | C13: 18004071 | D13: =IF(C13="",0,VLOOKUP(C13,Conf!A:D,4,FALSE)) -> 160861.75 | E13: 7 | F13: 7 | G13: 10 | H13: 10 | I13: 0 | J13: 0 | K13: 7 | L13: =IF(AND(O13<0,N13>0),0,(IF(AND(P13<0,BY13>1),0,IF(AND(E13="",F13="",G13="",H13="",I13="",J13="",K13=""),0,IF(AND(E13="",F13="",G13="",H13="",I13="",J13="",K13=""),0,SUM(E13:K13)-40-M13)+(COUNTIF(G13:K13,"v")*8)+(COUNTIF(G13:K13,"sl")*8)+(COUNTIF(G13:K13,"ml")*8)+(COUNTIF(G13:K13,"t")*8)+(COUNTIF(G13:K13,"cl")*8)+(COUNTIF(G13:K13,"el")*8)+(COUNTIF(G13:K13,"cal")*8)+(COUNTIF(G13:K13,"E")*8)+($L$9*8))+IF($G$9=1,IF(OR(G13="sl",G13="v",G13="ml",G13="e",G13="t",G13="cl",G13="cal"),-8,0))+IF($H$9=1,IF(OR(H13="sl",H13="v",H13="ml",H13="e",H13="t",H13="cl",H13="cal"),-8,0))+IF($I$9=1,IF(OR(I13="sl",I13="v",I13="ml",I13="e",I13="t",I13="cl",I13="cal"),-8,0))+IF($J$9=1,IF(OR(J13="sl",J13="v",J13="ml",J13="e",J13="t",J13="cl",J13="cal"),-8,0))+IF($K$9=1,IF(OR(K13="sl",K13="v",K13="ml",K13="e",K13="t",K13="cl",K13="cal"),-8,0))))) -> 1 | M13: =SUMIF(E$9:K$9,1,E13:K13) -> 0 | N13: =COUNTIF(E13:F13,14)+IF(AND($G$9=0,G13=14),1,0)+IF(AND($H$9=0,H13=14),1,0)+IF(AND($I$9=0,I13=14),1,0)+IF(AND($J$9=0,J13=14),1,0)+IF(AND($K$9=0,K13=14),1,0) -> 0 | O13: =IF(AND(P13<0,BY13>1),0,IF(AND(E13="",F13="",G13="",H13="",I13="",J13="",K13=""),0,IF(AND(E13="",F13="",G13="",H13="",I13="",J13="",K13=""),0,SUM(E13:K13)-40-M13)+(COUNTIF(G13:K13,"v")*8)+(COUNTIF(G13:K13,"sl")*8)+(COUNTIF(G13:K13,"ml")*8)+(COUNTIF(G13:K13,"t")*8)+(COUNTIF(G13:K13,"cl")*8)+(COUNTIF(G13:K13,"el")*8)+(COUNTIF(G13:K13,"cal")*8)+(COUNTIF(G13:K13,"E")*8)+($L$9*8))+IF($G$9=1,IF(OR(G13="sl",G13="v",G13="ml",G13="e",G13="t",G13="cl",G13="cal"),-8,0))+IF($H$9=1,IF(OR(H13="sl",H13="v",H13="ml",H13="e",H13="t",H13="cl",H13="cal"),-8,0))+IF($I$9=1,IF(OR(I13="sl",I13="v",I13="ml",I13="e",I13="t",I13="cl",I13="cal"),-8,0))+IF($J$9=1,IF(OR(J13="sl",J13="v",J13="ml",J13="e",J13="t",J13="cl",J13="cal"),-8,0))+IF($K$9=1,IF(OR(K13="sl",K13="v",K13="ml",K13="e",K13="t",K13="cl",K13="cal"),-8,0))) -> 1 | P13: =IF(AND(E13="",F13="",G13="",H13="",I13="",J13="",K13=""),0,IF(AND(E13="",F13="",G13="",H13="",I13="",J13="",K13=""),0,SUM(E13:K13)-40-M13)+(COUNTIF(G13:K13,"v")*8)+(COUNTIF(G13:K13,"sl")*8)+(COUNTIF(G13:K13,"ml")*8)+(COUNTIF(G13:K13,"t")*8)+(COUNTIF(G13:K13,"cl")*8)+(COUNTIF(G13:K13,"el")*8)+(COUNTIF(G13:K13,"cal")*8)+(COUNTIF(G13:K13,"E")*8)+($L$9*8))+IF($G$9=1,IF(OR(G13="sl",G13="v",G13="ml",G13="e",G13="t",G13="cl",G13="cal"),-8,0))+IF($H$9=1,IF(OR(H13="sl",H13="v",H13="ml",H13="e",H13="t",H13="cl",H13="cal"),-8,0))+IF($I$9=1,IF(OR(I13="sl",I13="v",I13="ml",I13="e",I13="t",I13="cl",I13="cal"),-8,0))+IF($J$9=1,IF(OR(J13="sl",J13="v",J13="ml",J13="e",J13="t",J13="cl",J13="cal"),-8,0))+IF($K$9=1,IF(OR(K13="sl",K13="v",K13="ml",K13="e",K13="t",K13="cl",K13="cal"),-8,0)) -> 1 | Q13: 7 | R13: 7 | S13: 10 | T13: 0 | U13: 14 | V13: 10 | W13: 0 | X13: =IF(AND(AA13<0,Z13>0),0,(IF(AND(AB13<0,BY13>1),0,IF(AND(Q13="",R13="",S13="",T13="",U13="",V13="",W13=""),0,IF(AND(Q13="",R13="",S13="",T13="",U13="",V13="",W13=""),0,SUM(Q13:W13)-40-Y13)+(COUNTIF(S13:W13,"v")*8)+(COUNTIF(S13:W13,"sl")*8)+(COUNTIF(S13:W13,"ml")*8)+(COUNTIF(S13:W13,"t")*8)+(COUNTIF(S13:W13,"cl")*8)+(COUNTIF(S13:W13,"el")*8)+(COUNTIF(S13:W13,"cal")*8)+(COUNTIF(S13:W13,"E")*8)+($X$9*8))+IF($S$9=1,IF(OR(S13="sl",S13="v",S13="ml",S13="e",S13="t",S13="cl",S13="cal"),-8,0))+IF($T$9=1,IF(OR(T13="sl",T13="v",T13="ml",T13="e",T13="t",T13="cl",T13="cal"),-8,0))+IF($U$9=1,IF(OR(U13="sl",U13="v",U13="ml",U13="e",U13="t",U13="cl",U13="cal"),-8,0))+IF($V$9=1,IF(OR(V13="sl",V13="v",V13="ml",V13="e",V13="t",V13="cl",V13="cal"),-8,0))+IF($W$9=1,IF(OR(W13="sl",W13="v",W13="ml",W13="e",W13="t",W13="cl",W13="cal"),-8,0))))) -> 8 | Y13: =SUMIF(Q$9:W$9,1,Q13:W13) -> 0 | Z13: =COUNTIF(Q13:R13,14)+IF(AND($S$9=0,S13=14),1,0)+IF(AND($T$9=0,T13=14),1,0)+IF(AND($U$9=0,U13=14),1,0)+IF(AND($V$9=0,V13=14),1,0)+IF(AND($W$9=0,W13=14),1,0) -> 1 | AA13: =IF(AND(AB13<0,BY13>1),0,IF(AND(Q13="",R13="",S13="",T13="",U13="",V13="",W13=""),0,IF(AND(Q13="",R13="",S13="",T13="",U13="",V13="",W13=""),0,SUM(Q13:W13)-40-Y13)+(COUNTIF(S13:W13,"v")*8)+(COUNTIF(S13:W13,"sl")*8)+(COUNTIF(S13:W13,"ml")*8)+(COUNTIF(S13:W13,"t")*8)+(COUNTIF(S13:W13,"cl")*8)+(COUNTIF(S13:W13,"el")*8)+(COUNTIF(S13:W13,"cal")*8)+(COUNTIF(S13:W13,"E")*8)+($X$9*8))+IF($S$9=1,IF(OR(S13="sl",S13="v",S13="ml",S13="e",S13="t",S13="cl",S13="cal"),-8,0))+IF($T$9=1,IF(OR(T13="sl",T13="v",T13="ml",T13="e",T13="t",T13="cl",T13="cal"),-8,0))+IF($U$9=1,IF(OR(U13="sl",U13="v",U13="ml",U13="e",U13="t",U13="cl",U13="cal"),-8,0))+IF($V$9=1,IF(OR(V13="sl",V13="v",V13="ml",V13="e",V13="t",V13="cl",V13="cal"),-8,0))+IF($W$9=1,IF(OR(W13="sl",W13="v",W13="ml",W13="e",W13="t",W13="cl",W13="cal"),-8,0))) -> 8 | AB13: =IF(AND(Q13="",R13="",S13="",T13="",U13="",V13="",W13=""),0,IF(AND(Q13="",R13="",S13="",T13="",U13="",V13="",W13=""),0,SUM(Q13:W13)-40-Y13)+(COUNTIF(S13:W13,"v")*8)+(COUNTIF(S13:W13,"sl")*8)+(COUNTIF(S13:W13,"ml")*8)+(COUNTIF(S13:W13,"t")*8)+(COUNTIF(S13:W13,"cl")*8)+(COUNTIF(S13:W13,"el")*8)+(COUNTIF(S13:W13,"cal")*8)+(COUNTIF(S13:W13,"E")*8)+($X$9*8))+IF($S$9=1,IF(OR(S13="sl",S13="v",S13="ml",S13="e",S13="t",S13="cl",S13="cal"),-8,0))+IF($T$9=1,IF(OR(T13="sl",T13="v",T13="ml",T13="e",T13="t",T13="cl",T13="cal"),-8,0))+IF($U$9=1,IF(OR(U13="sl",U13="v",U13="ml",U13="e",U13="t",U13="cl",U13="cal"),-8,0))+IF($V$9=1,IF(OR(V13="sl",V13="v",V13="ml",V13="e",V13="t",V13="cl",V13="cal"),-8,0))+IF($W$9=1,IF(OR(W13="sl",W13="v",W13="ml",W13="e",W13="t",W13="cl",W13="cal"),-8,0)) -> 8 | AC13: 14 | AD13: 10 | AE13: 0 | AF13: 0 | AG13: 7 | AH13: 7 | AI13: 14 | AJ13: =IF(AND(AM13<0,AL13>0),0,(IF(AND(AN13<0,BY13>1),0,IF(AND(AC13="",AD13="",AE13="",AF13="",AG13="",AH13="",AI13=""),0,IF(AND(AC13="",AD13="",AE13="",AF13="",AG13="",AH13="",AI13=""),0,SUM(AC13:AI13)-40-AK13)+(COUNTIF(AE13:AI13,"v")*8)+(COUNTIF(AE13:AI13,"sl")*8)+(COUNTIF(AE13:AI13,"ml")*8)+(COUNTIF(AE13:AI13,"t")*8)+(COUNTIF(AE13:AI13,"cl")*8)+(COUNTIF(AE13:AI13,"el")*8)+(COUNTIF(AE13:AI13,"cal")*8)+(COUNTIF(AE13:AI13,"E")*8)+($AJ$9*8))+IF($AE$9=1,IF(OR(AE13="sl",AE13="v",AE13="ml",AE13="e",AE13="t",AE13="cl",AE13="cal"),-8,0))+IF($AF$9=1,IF(OR(AF13="sl",AF13="v",AF13="ml",AF13="e",AF13="t",AF13="cl",AF13="cal"),-8,0))+IF($AG$9=1,IF(OR(AG13="sl",AG13="v",AG13="ml",AG13="e",AG13="t",AG13="cl",AG13="cal"),-8,0))+IF($AH$9=1,IF(OR(AH13="sl",AH13="v",AH13="ml",AH13="e",AH13="t",AH13="cl",AH13="cal"),-8,0))+IF($AI$9=1,IF(OR(AI13="sl",AI13="v",AI13="ml",AI13="e",AI13="t",AI13="cl",AI13="cal"),-8,0))))) -> 12 | AK13: =SUMIF(AC$9:AI$9,1,AC13:AI13) -> 0 | AL13: =COUNTIF(AC13:AD13,14)+IF(AND($AE$9=0,AE13=14),1,0)+IF(AND($AF$9=0,AF13=14),1,0)+IF(AND($AG$9=0,AG13=14),1,0)+IF(AND($AH$9=0,AH13=14),1,0)+IF(AND($AI$9=0,AI13=14),1,0) -> 2 | AM13: =IF(AND(AN13<0,BY13>1),0,IF(AND(AC13="",AD13="",AE13="",AF13="",AG13="",AH13="",AI13=""),0,IF(AND(AC13="",AD13="",AE13="",AF13="",AG13="",AH13="",AI13=""),0,SUM(AC13:AI13)-40-AK13)+(COUNTIF(AE13:AI13,"v")*8)+(COUNTIF(AE13:AI13,"sl")*8)+(COUNTIF(AE13:AI13,"ml")*8)+(COUNTIF(AE13:AI13,"t")*8)+(COUNTIF(AE13:AI13,"cl")*8)+(COUNTIF(AE13:AI13,"el")*8)+(COUNTIF(AE13:AI13,"cal")*8)+(COUNTIF(AE13:AI13,"E")*8)+($AJ$9*8))+IF($AE$9=1,IF(OR(AE13="sl",AE13="v",AE13="ml",AE13="e",AE13="t",AE13="cl",AE13="cal"),-8,0))+IF($AF$9=1,IF(OR(AF13="sl",AF13="v",AF13="ml",AF13="e",AF13="t",AF13="cl",AF13="cal"),-8,0))+IF($AG$9=1,IF(OR(AG13="sl",AG13="v",AG13="ml",AG13="e",AG13="t",AG13="cl",AG13="cal"),-8,0))+IF($AH$9=1,IF(OR(AH13="sl",AH13="v",AH13="ml",AH13="e",AH13="t",AH13="cl",AH13="cal"),-8,0))+IF($AI$9=1,IF(OR(AI13="sl",AI13="v",AI13="ml",AI13="e",AI13="t",AI13="cl",AI13="cal"),-8,0))) -> 12 | AN13: =IF(AND(AC13="",AD13="",AE13="",AF13="",AG13="",AH13="",AI13=""),0,IF(AND(AC13="",AD13="",AE13="",AF13="",AG13="",AH13="",AI13=""),0,SUM(AC13:AI13)-40-AK13)+(COUNTIF(AE13:AI13,"v")*8)+(COUNTIF(AE13:AI13,"sl")*8)+(COUNTIF(AE13:AI13,"ml")*8)+(COUNTIF(AE13:AI13,"t")*8)+(COUNTIF(AE13:AI13,"cl")*8)+(COUNTIF(AE13:AI13,"el")*8)+(COUNTIF(AE13:AI13,"cal")*8)+(COUNTIF(AE13:AI13,"E")*8)+($AJ$9*8))+IF($AE$9=1,IF(OR(AE13="sl",AE13="v",AE13="ml",AE13="e",AE13="t",AE13="cl",AE13="cal"),-8,0))+IF($AF$9=1,IF(OR(AF13="sl",AF13="v",AF13="ml",AF13="e",AF13="t",AF13="cl",AF13="cal"),-8,0))+IF($AG$9=1,IF(OR(AG13="sl",AG13="v",AG13="ml",AG13="e",AG13="t",AG13="cl",AG13="cal"),-8,0))+IF($AH$9=1,IF(OR(AH13="sl",AH13="v",AH13="ml",AH13="e",AH13="t",AH13="cl",AH13="cal"),-8,0))+IF($AI$9=1,IF(OR(AI13="sl",AI13="v",AI13="ml",AI13="e",AI13="t",AI13="cl",AI13="cal"),-8,0)) -> 12 | AO13: 10 | AP13: 0 | AQ13: 14 | AR13: 10 | AS13: 0 | AT13: 14 | AU13: 10 | AV13: =IF(AND(AY13<0,AX13>0),0,(IF(AND(AZ13<0,BY13>1),0,IF(AND(AO13="",AP13="",AQ13="",AR13="",AS13="",AT13="",AU13=""),0,IF(AND(AO13="",AP13="",AQ13="",AR13="",AS13="",AT13="",AU13=""),0,SUM(AO13:AU13)-40-AW13)+(COUNTIF(AQ13:AU13,"v")*8)+(COUNTIF(AQ13:AU13,"sl")*8)+(COUNTIF(AQ13:AU13,"ml")*8)+(COUNTIF(AQ13:AU13,"t")*8)+(COUNTIF(AQ13:AU13,"cl")*8)+(COUNTIF(AQ13:AU13,"el")*8)+(COUNTIF(AQ13:AU13,"cal")*8)+(COUNTIF(AQ13:AU13,"E")*8)+($AV$9*8))+IF($AQ$9=1,IF(OR(AQ13="sl",AQ13="v",AQ13="ml",AQ13="e",AQ13="t",AQ13="cl",AQ13="cal"),-8,0))+IF($AR$9=1,IF(OR(AR13="sl",AR13="v",AR13="ml",AR13="e",AR13="t",AR13="cl",AR13="cal"),-8,0))+IF($AS$9=1,IF(OR(AS13="sl",AS13="v",AS13="ml",AS13="e",AS13="t",AS13="cl",AS13="cal"),-8,0))+IF($AT$9=1,IF(OR(AT13="sl",AT13="v",AT13="ml",AT13="e",AT13="t",AT13="cl",AT13="cal"),-8,0))+IF($AU$9=1,IF(OR(AU13="sl",AU13="v",AU13="ml",AU13="e",AU13="t",AU13="cl",AU13="cal"),-8,0))))) -> 18 | AW13: =SUMIF(AO$9:AU$9,1,AO13:AU13) -> 0 | AX13: =COUNTIF(AO13:AP13,14)+IF(AND($AQ$9=0,AQ13=14),1,0)+IF(AND($AR$9=0,AR13=14),1,0)+IF(AND($AS$9=0,AS13=14),1,0)+IF(AND($AT$9=0,AT13=14),1,0)+IF(AND($AU$9=0,AU13=14),1,0) -> 2 | AY13: =IF(AND(AZ13<0,BY13>1),0,IF(AND(AO13="",AP13="",AQ13="",AR13="",AS13="",AT13="",AU13=""),0,IF(AND(AO13="",AP13="",AQ13="",AR13="",AS13="",AT13="",AU13=""),0,SUM(AO13:AU13)-40-AW13)+(COUNTIF(AQ13:AU13,"v")*8)+(COUNTIF(AQ13:AU13,"sl")*8)+(COUNTIF(AQ13:AU13,"ml")*8)+(COUNTIF(AQ13:AU13,"t")*8)+(COUNTIF(AQ13:AU13,"cl")*8)+(COUNTIF(AQ13:AU13,"el")*8)+(COUNTIF(AQ13:AU13,"cal")*8)+(COUNTIF(AQ13:AU13,"E")*8)+($AV$9*8))+IF($AQ$9=1,IF(OR(AQ13="sl",AQ13="v",AQ13="ml",AQ13="e",AQ13="t",AQ13="cl",AQ13="cal"),-8,0))+IF($AR$9=1,IF(OR(AR13="sl",AR13="v",AR13="ml",AR13="e",AR13="t",AR13="cl",AR13="cal"),-8,0))+IF($AS$9=1,IF(OR(AS13="sl",AS13="v",AS13="ml",AS13="e",AS13="t",AS13="cl",AS13="cal"),-8,0))+IF($AT$9=1,IF(OR(AT13="sl",AT13="v",AT13="ml",AT13="e",AT13="t",AT13="cl",AT13="cal"),-8,0))+IF($AU$9=1,IF(OR(AU13="sl",AU13="v",AU13="ml",AU13="e",AU13="t",AU13="cl",AU13="cal"),-8,0))) -> 18 | AZ13: =IF(AND(AO13="",AP13="",AQ13="",AR13="",AS13="",AT13="",AU13=""),0,IF(AND(AO13="",AP13="",AQ13="",AR13="",AS13="",AT13="",AU13=""),0,SUM(AO13:AU13)-40-AW13)+(COUNTIF(AQ13:AU13,"v")*8)+(COUNTIF(AQ13:AU13,"sl")*8)+(COUNTIF(AQ13:AU13,"ml")*8)+(COUNTIF(AQ13:AU13,"t")*8)+(COUNTIF(AQ13:AU13,"cl")*8)+(COUNTIF(AQ13:AU13,"el")*8)+(COUNTIF(AQ13:AU13,"cal")*8)+(COUNTIF(AQ13:AU13,"E")*8)+($AV$9*8))+IF($AQ$9=1,IF(OR(AQ13="sl",AQ13="v",AQ13="ml",AQ13="e",AQ13="t",AQ13="cl",AQ13="cal"),-8,0))+IF($AR$9=1,IF(OR(AR13="sl",AR13="v",AR13="ml",AR13="e",AR13="t",AR13="cl",AR13="cal"),-8,0))+IF($AS$9=1,IF(OR(AS13="sl",AS13="v",AS13="ml",AS13="e",AS13="t",AS13="cl",AS13="cal"),-8,0))+IF($AT$9=1,IF(OR(AT13="sl",AT13="v",AT13="ml",AT13="e",AT13="t",AT13="cl",AT13="cal"),-8,0))+IF($AU$9=1,IF(OR(AU13="sl",AU13="v",AU13="ml",AU13="e",AU13="t",AU13="cl",AU13="cal"),-8,0)) -> 18 | BH13: =IF(AND(BK13<0,BJ13>0),0,(IF(AND(BL13<0,BY13>1),0,IF(AND(BA13="",BB13="",BC13="",BD13="",BE13="",BF13="",BG13=""),0,IF(AND(BA13="",BB13="",BC13="",BD13="",BE13="",BF13="",BG13=""),0,SUM(BA13:BG13)-40-BI13)+(COUNTIF(BC13:BG13,"v")*8)+(COUNTIF(BC13:BG13,"sl")*8)+(COUNTIF(BC13:BG13,"ml")*8)+(COUNTIF(BC13:BG13,"t")*8)+(COUNTIF(BC13:BG13,"cl")*8)+(COUNTIF(BC13:BG13,"el")*8)+(COUNTIF(BC13:BG13,"cal")*8)+(COUNTIF(BC13:BG13,"E")*8)+($BH$9*8))+IF($BC$9=1,IF(OR(BC13="sl",BC13="v",BC13="ml",BC13="e",BC13="t",BC13="cl",BC13="cal"),-8,0))+IF($BD$9=1,IF(OR(BD13="sl",BD13="v",BD13="ml",BD13="e",BD13="t",BD13="cl",BD13="cal"),-8,0))+IF($BE$9=1,IF(OR(BE13="sl",BE13="v",BE13="ml",BE13="e",BE13="t",BE13="cl",BE13="cal"),-8,0))+IF($BF$9=1,IF(OR(BF13="sl",BF13="v",BF13="ml",BF13="e",BF13="t",BF13="cl",BF13="cal"),-8,0))+IF($BG$9=1,IF(OR(BG13="sl",BG13="v",BG13="ml",BG13="e",BG13="t",BG13="cl",BG13="cal"),-8,0))))) -> 0 | BI13: =SUMIF(BA$9:BG$9,1,BA13:BG13) -> 0 | BJ13: =COUNTIF(BA13:BB13,14)+IF(AND($BC$9=0,BC13=14),1,0)+IF(AND($BD$9=0,BD13=14),1,0)+IF(AND($BE$9=0,BE13=14),1,0)+IF(AND($BF$9=0,BF13=14),1,0)+IF(AND($BG$9=0,BG13=14),1,0) -> 0 | BK13: =IF(AND(BL13<0,BY13>1),0,IF(AND(BA13="",BB13="",BC13="",BD13="",BE13="",BF13="",BG13=""),0,IF(AND(BA13="",BB13="",BC13="",BD13="",BE13="",BF13="",BG13=""),0,SUM(BA13:BG13)-40-BI13)+(COUNTIF(BC13:BG13,"v")*8)+(COUNTIF(BC13:BG13,"sl")*8)+(COUNTIF(BC13:BG13,"ml")*8)+(COUNTIF(BC13:BG13,"t")*8)+(COUNTIF(BC13:BG13,"cl")*8)+(COUNTIF(BC13:BG13,"el")*8)+(COUNTIF(BC13:BG13,"cal")*8)+(COUNTIF(BC13:BG13,"E")*8)+($BH$9*8))+IF($BC$9=1,IF(OR(BC13="sl",BC13="v",BC13="ml",BC13="e",BC13="t",BC13="cl",BC13="cal"),-8,0))+IF($BD$9=1,IF(OR(BD13="sl",BD13="v",BD13="ml",BD13="e",BD13="t",BD13="cl",BD13="cal"),-8,0))+IF($BE$9=1,IF(OR(BE13="sl",BE13="v",BE13="ml",BE13="e",BE13="t",BE13="cl",BE13="cal"),-8,0))+IF($BF$9=1,IF(OR(BF13="sl",BF13="v",BF13="ml",BF13="e",BF13="t",BF13="cl",BF13="cal"),-8,0))+IF($BG$9=1,IF(OR(BG13="sl",BG13="v",BG13="ml",BG13="e",BG13="t",BG13="cl",BG13="cal"),-8,0))) -> 0 | BL13: =IF(AND(BA13="",BB13="",BC13="",BD13="",BE13="",BF13="",BG13=""),0,IF(AND(BA13="",BB13="",BC13="",BD13="",BE13="",BF13="",BG13=""),0,SUM(BA13:BG13)-40-BI13)+(COUNTIF(BC13:BG13,"v")*8)+(COUNTIF(BC13:BG13,"sl")*8)+(COUNTIF(BC13:BG13,"ml")*8)+(COUNTIF(BC13:BG13,"t")*8)+(COUNTIF(BC13:BG13,"cl")*8)+(COUNTIF(BC13:BG13,"el")*8)+(COUNTIF(BC13:BG13,"cal")*8)+(COUNTIF(BC13:BG13,"E")*8)+($BH$9*8))+IF($BC$9=1,IF(OR(BC13="sl",BC13="v",BC13="ml",BC13="e",BC13="t",BC13="cl",BC13="cal"),-8,0))+IF($BD$9=1,IF(OR(BD13="sl",BD13="v",BD13="ml",BD13="e",BD13="t",BD13="cl",BD13="cal"),-8,0))+IF($BE$9=1,IF(OR(BE13="sl",BE13="v",BE13="ml",BE13="e",BE13="t",BE13="cl",BE13="cal"),-8,0))+IF($BF$9=1,IF(OR(BF13="sl",BF13="v",BF13="ml",BF13="e",BF13="t",BF13="cl",BF13="cal"),-8,0))+IF($BG$9=1,IF(OR(BG13="sl",BG13="v",BG13="ml",BG13="e",BG13="t",BG13="cl",BG13="cal"),-8,0)) -> 0 | BT13: =IF(AND(BW13<0,BV13>0),0,(IF(AND(BX13<0,BY13>1),0,IF(AND(BM13="",BN13="",BO13="",BP13="",BQ13="",BR13="",BS13=""),0,IF(AND(BM13="",BN13="",BO13="",BP13="",BQ13="",BR13="",BS13=""),0,SUM(BM13:BS13)-40-BU13)+(COUNTIF(BO13:BS13,"v")*8)+(COUNTIF(BO13:BS13,"sl")*8)+(COUNTIF(BO13:BS13,"ml")*8)+(COUNTIF(BO13:BS13,"t")*8)+(COUNTIF(BO13:BS13,"cl")*8)+(COUNTIF(BO13:BS13,"el")*8)+(COUNTIF(BO13:BS13,"cal")*8)+(COUNTIF(BO13:BS13,"E")*8)+($BT$9*8))+IF($BO$9=1,IF(OR(BO13="sl",BO13="v",BO13="ml",BO13="e",BO13="t",BO13="cl",BO13="cal"),-8,0))+IF($BP$9=1,IF(OR(BP13="sl",BP13="v",BP13="ml",BP13="e",BP13="t",BP13="cl",BP13="cal"),-8,0))+IF($BQ$9=1,IF(OR(BQ13="sl",BQ13="v",BQ13="ml",BQ13="e",BQ13="t",BQ13="cl",BQ13="cal"),-8,0))+IF($BR$9=1,IF(OR(BR13="sl",BR13="v",BR13="ml",BR13="e",BR13="t",BR13="cl",BR13="cal"),-8,0))+IF($BS$9=1,IF(OR(BS13="sl",BS13="v",BS13="ml",BS13="e",BS13="t",BS13="cl",BS13="cal"),-8,0))))) -> 0 | BU13: =SUMIF(BM$9:BS$9,1,BM13:BS13) -> 0 | BV13: =COUNTIF(BM13:BN13,14)+IF(AND($BO$9=0,BO13=14),1,0)+IF(AND($BP$9=0,BP13=14),1,0)+IF(AND($BQ$9=0,BQ13=14),1,0)+IF(AND($BR$9=0,BR13=14),1,0)+IF(AND($BS$9=0,BS13=14),1,0) -> 0 | BW13: =IF(AND(BX13<0,BY13>1),0,IF(AND(BM13="",BN13="",BO13="",BP13="",BQ13="",BR13="",BS13=""),0,IF(AND(BM13="",BN13="",BO13="",BP13="",BQ13="",BR13="",BS13=""),0,SUM(BM13:BS13)-40-BU13)+(COUNTIF(BO13:BS13,"v")*8)+(COUNTIF(BO13:BS13,"sl")*8)+(COUNTIF(BO13:BS13,"ml")*8)+(COUNTIF(BO13:BS13,"t")*8)+(COUNTIF(BO13:BS13,"cl")*8)+(COUNTIF(BO13:BS13,"el")*8)+(COUNTIF(BO13:BS13,"cal")*8)+(COUNTIF(BO13:BS13,"E")*8)+($BT$9*8))+IF($BO$9=1,IF(OR(BO13="sl",BO13="v",BO13="ml",BO13="e",BO13="t",BO13="cl",BO13="cal"),-8,0))+IF($BP$9=1,IF(OR(BP13="sl",BP13="v",BP13="ml",BP13="e",BP13="t",BP13="cl",BP13="cal"),-8,0))+IF($BQ$9=1,IF(OR(BQ13="sl",BQ13="v",BQ13="ml",BQ13="e",BQ13="t",BQ13="cl",BQ13="cal"),-8,0))+IF($BR$9=1,IF(OR(BR13="sl",BR13="v",BR13="ml",BR13="e",BR13="t",BR13="cl",BR13="cal"),-8,0))+IF($BS$9=1,IF(OR(BS13="sl",BS13="v",BS13="ml",BS13="e",BS13="t",BS13="cl",BS13="cal"),-8,0))) -> 0 | BX13: =IF(AND(BM13="",BN13="",BO13="",BP13="",BQ13="",BR13="",BS13=""),0,IF(AND(BM13="",BN13="",BO13="",BP13="",BQ13="",BR13="",BS13=""),0,SUM(BM13:BS13)-40-BU13)+(COUNTIF(BO13:BS13,"v")*8)+(COUNTIF(BO13:BS13,"sl")*8)+(COUNTIF(BO13:BS13,"ml")*8)+(COUNTIF(BO13:BS13,"t")*8)+(COUNTIF(BO13:BS13,"cl")*8)+(COUNTIF(BO13:BS13,"el")*8)+(COUNTIF(BO13:BS13,"cal")*8)+(COUNTIF(BO13:BS13,"E")*8)+($BT$9*8))+IF($BO$9=1,IF(OR(BO13="sl",BO13="v",BO13="ml",BO13="e",BO13="t",BO13="cl",BO13="cal"),-8,0))+IF($BP$9=1,IF(OR(BP13="sl",BP13="v",BP13="ml",BP13="e",BP13="t",BP13="cl",BP13="cal"),-8,0))+IF($BQ$9=1,IF(OR(BQ13="sl",BQ13="v",BQ13="ml",BQ13="e",BQ13="t",BQ13="cl",BQ13="cal"),-8,0))+IF($BR$9=1,IF(OR(BR13="sl",BR13="v",BR13="ml",BR13="e",BR13="t",BR13="cl",BR13="cal"),-8,0))+IF($BS$9=1,IF(OR(BS13="sl",BS13="v",BS13="ml",BS13="e",BS13="t",BS13="cl",BS13="cal"),-8,0)) -> 0 | BY13: =SUM(N13,Z13,AL13,AX13,BJ13,BV13) -> 5 | BZ13: =IF(SUM(AV13,BH13,AJ13,X13,L13,BT13)<0,0,SUM(AV13,BH13,AJ13,X13,L13,BT13)) -> 39 | CA13: =SUM(AW13,BI13,AK13,Y13,M13,BU13) -> 0 | CB13: =(BZ13*CC13)+(CA13*CD13) -> 54290.84 | CC13: =D13*12/2080*1.5 -> 1392.0728 | CD13: =D13*12/2080*2 -> 1856.0971
B14: 3 | C14: 18004357 | D14: =IF(C14="",0,VLOOKUP(C14,Conf!A:D,4,FALSE)) -> 160396.57 | E14: 10 | F14: 7 | G14: 10 | H14: 10 | I14: 10 | J14: 10 | K14: 10 | L14: =IF(AND(O14<0,N14>0),0,(IF(AND(P14<0,BY14>1),0,IF(AND(E14="",F14="",G14="",H14="",I14="",J14="",K14=""),0,IF(AND(E14="",F14="",G14="",H14="",I14="",J14="",K14=""),0,SUM(E14:K14)-40-M14)+(COUNTIF(G14:K14,"v")*8)+(COUNTIF(G14:K14,"sl")*8)+(COUNTIF(G14:K14,"ml")*8)+(COUNTIF(G14:K14,"t")*8)+(COUNTIF(G14:K14,"cl")*8)+(COUNTIF(G14:K14,"el")*8)+(COUNTIF(G14:K14,"cal")*8)+(COUNTIF(G14:K14,"E")*8)+($L$9*8))+IF($G$9=1,IF(OR(G14="sl",G14="v",G14="ml",G14="e",G14="t",G14="cl",G14="cal"),-8,0))+IF($H$9=1,IF(OR(H14="sl",H14="v",H14="ml",H14="e",H14="t",H14="cl",H14="cal"),-8,0))+IF($I$9=1,IF(OR(I14="sl",I14="v",I14="ml",I14="e",I14="t",I14="cl",I14="cal"),-8,0))+IF($J$9=1,IF(OR(J14="sl",J14="v",J14="ml",J14="e",J14="t",J14="cl",J14="cal"),-8,0))+IF($K$9=1,IF(OR(K14="sl",K14="v",K14="ml",K14="e",K14="t",K14="cl",K14="cal"),-8,0))))) -> 27 | M14: =SUMIF(E$9:K$9,1,E14:K14) -> 0 | N14: =COUNTIF(E14:F14,14)+IF(AND($G$9=0,G14=14),1,0)+IF(AND($H$9=0,H14=14),1,0)+IF(AND($I$9=0,I14=14),1,0)+IF(AND($J$9=0,J14=14),1,0)+IF(AND($K$9=0,K14=14),1,0) -> 0 | O14: =IF(AND(P14<0,BY14>1),0,IF(AND(E14="",F14="",G14="",H14="",I14="",J14="",K14=""),0,IF(AND(E14="",F14="",G14="",H14="",I14="",J14="",K14=""),0,SUM(E14:K14)-40-M14)+(COUNTIF(G14:K14,"v")*8)+(COUNTIF(G14:K14,"sl")*8)+(COUNTIF(G14:K14,"ml")*8)+(COUNTIF(G14:K14,"t")*8)+(COUNTIF(G14:K14,"cl")*8)+(COUNTIF(G14:K14,"el")*8)+(COUNTIF(G14:K14,"cal")*8)+(COUNTIF(G14:K14,"E")*8)+($L$9*8))+IF($G$9=1,IF(OR(G14="sl",G14="v",G14="ml",G14="e",G14="t",G14="cl",G14="cal"),-8,0))+IF($H$9=1,IF(OR(H14="sl",H14="v",H14="ml",H14="e",H14="t",H14="cl",H14="cal"),-8,0))+IF($I$9=1,IF(OR(I14="sl",I14="v",I14="ml",I14="e",I14="t",I14="cl",I14="cal"),-8,0))+IF($J$9=1,IF(OR(J14="sl",J14="v",J14="ml",J14="e",J14="t",J14="cl",J14="cal"),-8,0))+IF($K$9=1,IF(OR(K14="sl",K14="v",K14="ml",K14="e",K14="t",K14="cl",K14="cal"),-8,0))) -> 27 | P14: =IF(AND(E14="",F14="",G14="",H14="",I14="",J14="",K14=""),0,IF(AND(E14="",F14="",G14="",H14="",I14="",J14="",K14=""),0,SUM(E14:K14)-40-M14)+(COUNTIF(G14:K14,"v")*8)+(COUNTIF(G14:K14,"sl")*8)+(COUNTIF(G14:K14,"ml")*8)+(COUNTIF(G14:K14,"t")*8)+(COUNTIF(G14:K14,"cl")*8)+(COUNTIF(G14:K14,"el")*8)+(COUNTIF(G14:K14,"cal")*8)+(COUNTIF(G14:K14,"E")*8)+($L$9*8))+IF($G$9=1,IF(OR(G14="sl",G14="v",G14="ml",G14="e",G14="t",G14="cl",G14="cal"),-8,0))+IF($H$9=1,IF(OR(H14="sl",H14="v",H14="ml",H14="e",H14="t",H14="cl",H14="cal"),-8,0))+IF($I$9=1,IF(OR(I14="sl",I14="v",I14="ml",I14="e",I14="t",I14="cl",I14="cal"),-8,0))+IF($J$9=1,IF(OR(J14="sl",J14="v",J14="ml",J14="e",J14="t",J14="cl",J14="cal"),-8,0))+IF($K$9=1,IF(OR(K14="sl",K14="v",K14="ml",K14="e",K14="t",K14="cl",K14="cal"),-8,0)) -> 27 | Q14: 10 | R14: 0 | S14: 14 | T14: 10 | U14: 0 | V14: 14 | W14: 10 | X14: =IF(AND(AA14<0,Z14>0),0,(IF(AND(AB14<0,BY14>1),0,IF(AND(Q14="",R14="",S14="",T14="",U14="",V14="",W14=""),0,IF(AND(Q14="",R14="",S14="",T14="",U14="",V14="",W14=""),0,SUM(Q14:W14)-40-Y14)+(COUNTIF(S14:W14,"v")*8)+(COUNTIF(S14:W14,"sl")*8)+(COUNTIF(S14:W14,"ml")*8)+(COUNTIF(S14:W14,"t")*8)+(COUNTIF(S14:W14,"cl")*8)+(COUNTIF(S14:W14,"el")*8)+(COUNTIF(S14:W14,"cal")*8)+(COUNTIF(S14:W14,"E")*8)+($X$9*8))+IF($S$9=1,IF(OR(S14="sl",S14="v",S14="ml",S14="e",S14="t",S14="cl",S14="cal"),-8,0))+IF($T$9=1,IF(OR(T14="sl",T14="v",T14="ml",T14="e",T14="t",T14="cl",T14="cal"),-8,0))+IF($U$9=1,IF(OR(U14="sl",U14="v",U14="ml",U14="e",U14="t",U14="cl",U14="cal"),-8,0))+IF($V$9=1,IF(OR(V14="sl",V14="v",V14="ml",V14="e",V14="t",V14="cl",V14="cal"),-8,0))+IF($W$9=1,IF(OR(W14="sl",W14="v",W14="ml",W14="e",W14="t",W14="cl",W14="cal"),-8,0))))) -> 18 | Y14: =SUMIF(Q$9:W$9,1,Q14:W14) -> 0 | Z14: =COUNTIF(Q14:R14,14)+IF(AND($S$9=0,S14=14),1,0)+IF(AND($T$9=0,T14=14),1,0)+IF(AND($U$9=0,U14=14),1,0)+IF(AND($V$9=0,V14=14),1,0)+IF(AND($W$9=0,W14=14),1,0) -> 2 | AA14: =IF(AND(AB14<0,BY14>1),0,IF(AND(Q14="",R14="",S14="",T14="",U14="",V14="",W14=""),0,IF(AND(Q14="",R14="",S14="",T14="",U14="",V14="",W14=""),0,SUM(Q14:W14)-40-Y14)+(COUNTIF(S14:W14,"v")*8)+(COUNTIF(S14:W14,"sl")*8)+(COUNTIF(S14:W14,"ml")*8)+(COUNTIF(S14:W14,"t")*8)+(COUNTIF(S14:W14,"cl")*8)+(COUNTIF(S14:W14,"el")*8)+(COUNTIF(S14:W14,"cal")*8)+(COUNTIF(S14:W14,"E")*8)+($X$9*8))+IF($S$9=1,IF(OR(S14="sl",S14="v",S14="ml",S14="e",S14="t",S14="cl",S14="cal"),-8,0))+IF($T$9=1,IF(OR(T14="sl",T14="v",T14="ml",T14="e",T14="t",T14="cl",T14="cal"),-8,0))+IF($U$9=1,IF(OR(U14="sl",U14="v",U14="ml",U14="e",U14="t",U14="cl",U14="cal"),-8,0))+IF($V$9=1,IF(OR(V14="sl",V14="v",V14="ml",V14="e",V14="t",V14="cl",V14="cal"),-8,0))+IF($W$9=1,IF(OR(W14="sl",W14="v",W14="ml",W14="e",W14="t",W14="cl",W14="cal"),-8,0))) -> 18 | AB14: =IF(AND(Q14="",R14="",S14="",T14="",U14="",V14="",W14=""),0,IF(AND(Q14="",R14="",S14="",T14="",U14="",V14="",W14=""),0,SUM(Q14:W14)-40-Y14)+(COUNTIF(S14:W14,"v")*8)+(COUNTIF(S14:W14,"sl")*8)+(COUNTIF(S14:W14,"ml")*8)+(COUNTIF(S14:W14,"t")*8)+(COUNTIF(S14:W14,"cl")*8)+(COUNTIF(S14:W14,"el")*8)+(COUNTIF(S14:W14,"cal")*8)+(COUNTIF(S14:W14,"E")*8)+($X$9*8))+IF($S$9=1,IF(OR(S14="sl",S14="v",S14="ml",S14="e",S14="t",S14="cl",S14="cal"),-8,0))+IF($T$9=1,IF(OR(T14="sl",T14="v",T14="ml",T14="e",T14="t",T14="cl",T14="cal"),-8,0))+IF($U$9=1,IF(OR(U14="sl",U14="v",U14="ml",U14="e",U14="t",U14="cl",U14="cal"),-8,0))+IF($V$9=1,IF(OR(V14="sl",V14="v",V14="ml",V14="e",V14="t",V14="cl",V14="cal"),-8,0))+IF($W$9=1,IF(OR(W14="sl",W14="v",W14="ml",W14="e",W14="t",W14="cl",W14="cal"),-8,0)) -> 18 | AC14: 0 | AD14: 14 | AE14: 7 | AF14: 7 | AG14: 10 | AH14: 10 | AI14: 0 | AJ14: =IF(AND(AM14<0,AL14>0),0,(IF(AND(AN14<0,BY14>1),0,IF(AND(AC14="",AD14="",AE14="",AF14="",AG14="",AH14="",AI14=""),0,IF(AND(AC14="",AD14="",AE14="",AF14="",AG14="",AH14="",AI14=""),0,SUM(AC14:AI14)-40-AK14)+(COUNTIF(AE14:AI14,"v")*8)+(COUNTIF(AE14:AI14,"sl")*8)+(COUNTIF(AE14:AI14,"ml")*8)+(COUNTIF(AE14:AI14,"t")*8)+(COUNTIF(AE14:AI14,"cl")*8)+(COUNTIF(AE14:AI14,"el")*8)+(COUNTIF(AE14:AI14,"cal")*8)+(COUNTIF(AE14:AI14,"E")*8)+($AJ$9*8))+IF($AE$9=1,IF(OR(AE14="sl",AE14="v",AE14="ml",AE14="e",AE14="t",AE14="cl",AE14="cal"),-8,0))+IF($AF$9=1,IF(OR(AF14="sl",AF14="v",AF14="ml",AF14="e",AF14="t",AF14="cl",AF14="cal"),-8,0))+IF($AG$9=1,IF(OR(AG14="sl",AG14="v",AG14="ml",AG14="e",AG14="t",AG14="cl",AG14="cal"),-8,0))+IF($AH$9=1,IF(OR(AH14="sl",AH14="v",AH14="ml",AH14="e",AH14="t",AH14="cl",AH14="cal"),-8,0))+IF($AI$9=1,IF(OR(AI14="sl",AI14="v",AI14="ml",AI14="e",AI14="t",AI14="cl",AI14="cal"),-8,0))))) -> 8 | AK14: =SUMIF(AC$9:AI$9,1,AC14:AI14) -> 0 | AL14: =COUNTIF(AC14:AD14,14)+IF(AND($AE$9=0,AE14=14),1,0)+IF(AND($AF$9=0,AF14=14),1,0)+IF(AND($AG$9=0,AG14=14),1,0)+IF(AND($AH$9=0,AH14=14),1,0)+IF(AND($AI$9=0,AI14=14),1,0) -> 1 | AM14: =IF(AND(AN14<0,BY14>1),0,IF(AND(AC14="",AD14="",AE14="",AF14="",AG14="",AH14="",AI14=""),0,IF(AND(AC14="",AD14="",AE14="",AF14="",AG14="",AH14="",AI14=""),0,SUM(AC14:AI14)-40-AK14)+(COUNTIF(AE14:AI14,"v")*8)+(COUNTIF(AE14:AI14,"sl")*8)+(COUNTIF(AE14:AI14,"ml")*8)+(COUNTIF(AE14:AI14,"t")*8)+(COUNTIF(AE14:AI14,"cl")*8)+(COUNTIF(AE14:AI14,"el")*8)+(COUNTIF(AE14:AI14,"cal")*8)+(COUNTIF(AE14:AI14,"E")*8)+($AJ$9*8))+IF($AE$9=1,IF(OR(AE14="sl",AE14="v",AE14="ml",AE14="e",AE14="t",AE14="cl",AE14="cal"),-8,0))+IF($AF$9=1,IF(OR(AF14="sl",AF14="v",AF14="ml",AF14="e",AF14="t",AF14="cl",AF14="cal"),-8,0))+IF($AG$9=1,IF(OR(AG14="sl",AG14="v",AG14="ml",AG14="e",AG14="t",AG14="cl",AG14="cal"),-8,0))+IF($AH$9=1,IF(OR(AH14="sl",AH14="v",AH14="ml",AH14="e",AH14="t",AH14="cl",AH14="cal"),-8,0))+IF($AI$9=1,IF(OR(AI14="sl",AI14="v",AI14="ml",AI14="e",AI14="t",AI14="cl",AI14="cal"),-8,0))) -> 8 | AN14: =IF(AND(AC14="",AD14="",AE14="",AF14="",AG14="",AH14="",AI14=""),0,IF(AND(AC14="",AD14="",AE14="",AF14="",AG14="",AH14="",AI14=""),0,SUM(AC14:AI14)-40-AK14)+(COUNTIF(AE14:AI14,"v")*8)+(COUNTIF(AE14:AI14,"sl")*8)+(COUNTIF(AE14:AI14,"ml")*8)+(COUNTIF(AE14:AI14,"t")*8)+(COUNTIF(AE14:AI14,"cl")*8)+(COUNTIF(AE14:AI14,"el")*8)+(COUNTIF(AE14:AI14,"cal")*8)+(COUNTIF(AE14:AI14,"E")*8)+($AJ$9*8))+IF($AE$9=1,IF(OR(AE14="sl",AE14="v",AE14="ml",AE14="e",AE14="t",AE14="cl",AE14="cal"),-8,0))+IF($AF$9=1,IF(OR(AF14="sl",AF14="v",AF14="ml",AF14="e",AF14="t",AF14="cl",AF14="cal"),-8,0))+IF($AG$9=1,IF(OR(AG14="sl",AG14="v",AG14="ml",AG14="e",AG14="t",AG14="cl",AG14="cal"),-8,0))+IF($AH$9=1,IF(OR(AH14="sl",AH14="v",AH14="ml",AH14="e",AH14="t",AH14="cl",AH14="cal"),-8,0))+IF($AI$9=1,IF(OR(AI14="sl",AI14="v",AI14="ml",AI14="e",AI14="t",AI14="cl",AI14="cal"),-8,0)) -> 8 | AO14: 14 | AP14: 10 | AQ14: 0 | AR14: 14 | AS14: 10 | AT14: 0 | AU14: 14 | AV14: =IF(AND(AY14<0,AX14>0),0,(IF(AND(AZ14<0,BY14>1),0,IF(AND(AO14="",AP14="",AQ14="",AR14="",AS14="",AT14="",AU14=""),0,IF(AND(AO14="",AP14="",AQ14="",AR14="",AS14="",AT14="",AU14=""),0,SUM(AO14:AU14)-40-AW14)+(COUNTIF(AQ14:AU14,"v")*8)+(COUNTIF(AQ14:AU14,"sl")*8)+(COUNTIF(AQ14:AU14,"ml")*8)+(COUNTIF(AQ14:AU14,"t")*8)+(COUNTIF(AQ14:AU14,"cl")*8)+(COUNTIF(AQ14:AU14,"el")*8)+(COUNTIF(AQ14:AU14,"cal")*8)+(COUNTIF(AQ14:AU14,"E")*8)+($AV$9*8))+IF($AQ$9=1,IF(OR(AQ14="sl",AQ14="v",AQ14="ml",AQ14="e",AQ14="t",AQ14="cl",AQ14="cal"),-8,0))+IF($AR$9=1,IF(OR(AR14="sl",AR14="v",AR14="ml",AR14="e",AR14="t",AR14="cl",AR14="cal"),-8,0))+IF($AS$9=1,IF(OR(AS14="sl",AS14="v",AS14="ml",AS14="e",AS14="t",AS14="cl",AS14="cal"),-8,0))+IF($AT$9=1,IF(OR(AT14="sl",AT14="v",AT14="ml",AT14="e",AT14="t",AT14="cl",AT14="cal"),-8,0))+IF($AU$9=1,IF(OR(AU14="sl",AU14="v",AU14="ml",AU14="e",AU14="t",AU14="cl",AU14="cal"),-8,0))))) -> 22 | AW14: =SUMIF(AO$9:AU$9,1,AO14:AU14) -> 0 | AX14: =COUNTIF(AO14:AP14,14)+IF(AND($AQ$9=0,AQ14=14),1,0)+IF(AND($AR$9=0,AR14=14),1,0)+IF(AND($AS$9=0,AS14=14),1,0)+IF(AND($AT$9=0,AT14=14),1,0)+IF(AND($AU$9=0,AU14=14),1,0) -> 3 | AY14: =IF(AND(AZ14<0,BY14>1),0,IF(AND(AO14="",AP14="",AQ14="",AR14="",AS14="",AT14="",AU14=""),0,IF(AND(AO14="",AP14="",AQ14="",AR14="",AS14="",AT14="",AU14=""),0,SUM(AO14:AU14)-40-AW14)+(COUNTIF(AQ14:AU14,"v")*8)+(COUNTIF(AQ14:AU14,"sl")*8)+(COUNTIF(AQ14:AU14,"ml")*8)+(COUNTIF(AQ14:AU14,"t")*8)+(COUNTIF(AQ14:AU14,"cl")*8)+(COUNTIF(AQ14:AU14,"el")*8)+(COUNTIF(AQ14:AU14,"cal")*8)+(COUNTIF(AQ14:AU14,"E")*8)+($AV$9*8))+IF($AQ$9=1,IF(OR(AQ14="sl",AQ14="v",AQ14="ml",AQ14="e",AQ14="t",AQ14="cl",AQ14="cal"),-8,0))+IF($AR$9=1,IF(OR(AR14="sl",AR14="v",AR14="ml",AR14="e",AR14="t",AR14="cl",AR14="cal"),-8,0))+IF($AS$9=1,IF(OR(AS14="sl",AS14="v",AS14="ml",AS14="e",AS14="t",AS14="cl",AS14="cal"),-8,0))+IF($AT$9=1,IF(OR(AT14="sl",AT14="v",AT14="ml",AT14="e",AT14="t",AT14="cl",AT14="cal"),-8,0))+IF($AU$9=1,IF(OR(AU14="sl",AU14="v",AU14="ml",AU14="e",AU14="t",AU14="cl",AU14="cal"),-8,0))) -> 22 | AZ14: =IF(AND(AO14="",AP14="",AQ14="",AR14="",AS14="",AT14="",AU14=""),0,IF(AND(AO14="",AP14="",AQ14="",AR14="",AS14="",AT14="",AU14=""),0,SUM(AO14:AU14)-40-AW14)+(COUNTIF(AQ14:AU14,"v")*8)+(COUNTIF(AQ14:AU14,"sl")*8)+(COUNTIF(AQ14:AU14,"ml")*8)+(COUNTIF(AQ14:AU14,"t")*8)+(COUNTIF(AQ14:AU14,"cl")*8)+(COUNTIF(AQ14:AU14,"el")*8)+(COUNTIF(AQ14:AU14,"cal")*8)+(COUNTIF(AQ14:AU14,"E")*8)+($AV$9*8))+IF($AQ$9=1,IF(OR(AQ14="sl",AQ14="v",AQ14="ml",AQ14="e",AQ14="t",AQ14="cl",AQ14="cal"),-8,0))+IF($AR$9=1,IF(OR(AR14="sl",AR14="v",AR14="ml",AR14="e",AR14="t",AR14="cl",AR14="cal"),-8,0))+IF($AS$9=1,IF(OR(AS14="sl",AS14="v",AS14="ml",AS14="e",AS14="t",AS14="cl",AS14="cal"),-8,0))+IF($AT$9=1,IF(OR(AT14="sl",AT14="v",AT14="ml",AT14="e",AT14="t",AT14="cl",AT14="cal"),-8,0))+IF($AU$9=1,IF(OR(AU14="sl",AU14="v",AU14="ml",AU14="e",AU14="t",AU14="cl",AU14="cal"),-8,0)) -> 22 | BH14: =IF(AND(BK14<0,BJ14>0),0,(IF(AND(BL14<0,BY14>1),0,IF(AND(BA14="",BB14="",BC14="",BD14="",BE14="",BF14="",BG14=""),0,IF(AND(BA14="",BB14="",BC14="",BD14="",BE14="",BF14="",BG14=""),0,SUM(BA14:BG14)-40-BI14)+(COUNTIF(BC14:BG14,"v")*8)+(COUNTIF(BC14:BG14,"sl")*8)+(COUNTIF(BC14:BG14,"ml")*8)+(COUNTIF(BC14:BG14,"t")*8)+(COUNTIF(BC14:BG14,"cl")*8)+(COUNTIF(BC14:BG14,"el")*8)+(COUNTIF(BC14:BG14,"cal")*8)+(COUNTIF(BC14:BG14,"E")*8)+($BH$9*8))+IF($BC$9=1,IF(OR(BC14="sl",BC14="v",BC14="ml",BC14="e",BC14="t",BC14="cl",BC14="cal"),-8,0))+IF($BD$9=1,IF(OR(BD14="sl",BD14="v",BD14="ml",BD14="e",BD14="t",BD14="cl",BD14="cal"),-8,0))+IF($BE$9=1,IF(OR(BE14="sl",BE14="v",BE14="ml",BE14="e",BE14="t",BE14="cl",BE14="cal"),-8,0))+IF($BF$9=1,IF(OR(BF14="sl",BF14="v",BF14="ml",BF14="e",BF14="t",BF14="cl",BF14="cal"),-8,0))+IF($BG$9=1,IF(OR(BG14="sl",BG14="v",BG14="ml",BG14="e",BG14="t",BG14="cl",BG14="cal"),-8,0))))) -> 0 | BI14: =SUMIF(BA$9:BG$9,1,BA14:BG14) -> 0 | BJ14: =COUNTIF(BA14:BB14,14)+IF(AND($BC$9=0,BC14=14),1,0)+IF(AND($BD$9=0,BD14=14),1,0)+IF(AND($BE$9=0,BE14=14),1,0)+IF(AND($BF$9=0,BF14=14),1,0)+IF(AND($BG$9=0,BG14=14),1,0) -> 0 | BK14: =IF(AND(BL14<0,BY14>1),0,IF(AND(BA14="",BB14="",BC14="",BD14="",BE14="",BF14="",BG14=""),0,IF(AND(BA14="",BB14="",BC14="",BD14="",BE14="",BF14="",BG14=""),0,SUM(BA14:BG14)-40-BI14)+(COUNTIF(BC14:BG14,"v")*8)+(COUNTIF(BC14:BG14,"sl")*8)+(COUNTIF(BC14:BG14,"ml")*8)+(COUNTIF(BC14:BG14,"t")*8)+(COUNTIF(BC14:BG14,"cl")*8)+(COUNTIF(BC14:BG14,"el")*8)+(COUNTIF(BC14:BG14,"cal")*8)+(COUNTIF(BC14:BG14,"E")*8)+($BH$9*8))+IF($BC$9=1,IF(OR(BC14="sl",BC14="v",BC14="ml",BC14="e",BC14="t",BC14="cl",BC14="cal"),-8,0))+IF($BD$9=1,IF(OR(BD14="sl",BD14="v",BD14="ml",BD14="e",BD14="t",BD14="cl",BD14="cal"),-8,0))+IF($BE$9=1,IF(OR(BE14="sl",BE14="v",BE14="ml",BE14="e",BE14="t",BE14="cl",BE14="cal"),-8,0))+IF($BF$9=1,IF(OR(BF14="sl",BF14="v",BF14="ml",BF14="e",BF14="t",BF14="cl",BF14="cal"),-8,0))+IF($BG$9=1,IF(OR(BG14="sl",BG14="v",BG14="ml",BG14="e",BG14="t",BG14="cl",BG14="cal"),-8,0))) -> 0 | BL14: =IF(AND(BA14="",BB14="",BC14="",BD14="",BE14="",BF14="",BG14=""),0,IF(AND(BA14="",BB14="",BC14="",BD14="",BE14="",BF14="",BG14=""),0,SUM(BA14:BG14)-40-BI14)+(COUNTIF(BC14:BG14,"v")*8)+(COUNTIF(BC14:BG14,"sl")*8)+(COUNTIF(BC14:BG14,"ml")*8)+(COUNTIF(BC14:BG14,"t")*8)+(COUNTIF(BC14:BG14,"cl")*8)+(COUNTIF(BC14:BG14,"el")*8)+(COUNTIF(BC14:BG14,"cal")*8)+(COUNTIF(BC14:BG14,"E")*8)+($BH$9*8))+IF($BC$9=1,IF(OR(BC14="sl",BC14="v",BC14="ml",BC14="e",BC14="t",BC14="cl",BC14="cal"),-8,0))+IF($BD$9=1,IF(OR(BD14="sl",BD14="v",BD14="ml",BD14="e",BD14="t",BD14="cl",BD14="cal"),-8,0))+IF($BE$9=1,IF(OR(BE14="sl",BE14="v",BE14="ml",BE14="e",BE14="t",BE14="cl",BE14="cal"),-8,0))+IF($BF$9=1,IF(OR(BF14="sl",BF14="v",BF14="ml",BF14="e",BF14="t",BF14="cl",BF14="cal"),-8,0))+IF($BG$9=1,IF(OR(BG14="sl",BG14="v",BG14="ml",BG14="e",BG14="t",BG14="cl",BG14="cal"),-8,0)) -> 0 | BT14: =IF(AND(BW14<0,BV14>0),0,(IF(AND(BX14<0,BY14>1),0,IF(AND(BM14="",BN14="",BO14="",BP14="",BQ14="",BR14="",BS14=""),0,IF(AND(BM14="",BN14="",BO14="",BP14="",BQ14="",BR14="",BS14=""),0,SUM(BM14:BS14)-40-BU14)+(COUNTIF(BO14:BS14,"v")*8)+(COUNTIF(BO14:BS14,"sl")*8)+(COUNTIF(BO14:BS14,"ml")*8)+(COUNTIF(BO14:BS14,"t")*8)+(COUNTIF(BO14:BS14,"cl")*8)+(COUNTIF(BO14:BS14,"el")*8)+(COUNTIF(BO14:BS14,"cal")*8)+(COUNTIF(BO14:BS14,"E")*8)+($BT$9*8))+IF($BO$9=1,IF(OR(BO14="sl",BO14="v",BO14="ml",BO14="e",BO14="t",BO14="cl",BO14="cal"),-8,0))+IF($BP$9=1,IF(OR(BP14="sl",BP14="v",BP14="ml",BP14="e",BP14="t",BP14="cl",BP14="cal"),-8,0))+IF($BQ$9=1,IF(OR(BQ14="sl",BQ14="v",BQ14="ml",BQ14="e",BQ14="t",BQ14="cl",BQ14="cal"),-8,0))+IF($BR$9=1,IF(OR(BR14="sl",BR14="v",BR14="ml",BR14="e",BR14="t",BR14="cl",BR14="cal"),-8,0))+IF($BS$9=1,IF(OR(BS14="sl",BS14="v",BS14="ml",BS14="e",BS14="t",BS14="cl",BS14="cal"),-8,0))))) -> 0 | BU14: =SUMIF(BM$9:BS$9,1,BM14:BS14) -> 0 | BV14: =COUNTIF(BM14:BN14,14)+IF(AND($BO$9=0,BO14=14),1,0)+IF(AND($BP$9=0,BP14=14),1,0)+IF(AND($BQ$9=0,BQ14=14),1,0)+IF(AND($BR$9=0,BR14=14),1,0)+IF(AND($BS$9=0,BS14=14),1,0) -> 0 | BW14: =IF(AND(BX14<0,BY14>1),0,IF(AND(BM14="",BN14="",BO14="",BP14="",BQ14="",BR14="",BS14=""),0,IF(AND(BM14="",BN14="",BO14="",BP14="",BQ14="",BR14="",BS14=""),0,SUM(BM14:BS14)-40-BU14)+(COUNTIF(BO14:BS14,"v")*8)+(COUNTIF(BO14:BS14,"sl")*8)+(COUNTIF(BO14:BS14,"ml")*8)+(COUNTIF(BO14:BS14,"t")*8)+(COUNTIF(BO14:BS14,"cl")*8)+(COUNTIF(BO14:BS14,"el")*8)+(COUNTIF(BO14:BS14,"cal")*8)+(COUNTIF(BO14:BS14,"E")*8)+($BT$9*8))+IF($BO$9=1,IF(OR(BO14="sl",BO14="v",BO14="ml",BO14="e",BO14="t",BO14="cl",BO14="cal"),-8,0))+IF($BP$9=1,IF(OR(BP14="sl",BP14="v",BP14="ml",BP14="e",BP14="t",BP14="cl",BP14="cal"),-8,0))+IF($BQ$9=1,IF(OR(BQ14="sl",BQ14="v",BQ14="ml",BQ14="e",BQ14="t",BQ14="cl",BQ14="cal"),-8,0))+IF($BR$9=1,IF(OR(BR14="sl",BR14="v",BR14="ml",BR14="e",BR14="t",BR14="cl",BR14="cal"),-8,0))+IF($BS$9=1,IF(OR(BS14="sl",BS14="v",BS14="ml",BS14="e",BS14="t",BS14="cl",BS14="cal"),-8,0))) -> 0 | BX14: =IF(AND(BM14="",BN14="",BO14="",BP14="",BQ14="",BR14="",BS14=""),0,IF(AND(BM14="",BN14="",BO14="",BP14="",BQ14="",BR14="",BS14=""),0,SUM(BM14:BS14)-40-BU14)+(COUNTIF(BO14:BS14,"v")*8)+(COUNTIF(BO14:BS14,"sl")*8)+(COUNTIF(BO14:BS14,"ml")*8)+(COUNTIF(BO14:BS14,"t")*8)+(COUNTIF(BO14:BS14,"cl")*8)+(COUNTIF(BO14:BS14,"el")*8)+(COUNTIF(BO14:BS14,"cal")*8)+(COUNTIF(BO14:BS14,"E")*8)+($BT$9*8))+IF($BO$9=1,IF(OR(BO14="sl",BO14="v",BO14="ml",BO14="e",BO14="t",BO14="cl",BO14="cal"),-8,0))+IF($BP$9=1,IF(OR(BP14="sl",BP14="v",BP14="ml",BP14="e",BP14="t",BP14="cl",BP14="cal"),-8,0))+IF($BQ$9=1,IF(OR(BQ14="sl",BQ14="v",BQ14="ml",BQ14="e",BQ14="t",BQ14="cl",BQ14="cal"),-8,0))+IF($BR$9=1,IF(OR(BR14="sl",BR14="v",BR14="ml",BR14="e",BR14="t",BR14="cl",BR14="cal"),-8,0))+IF($BS$9=1,IF(OR(BS14="sl",BS14="v",BS14="ml",BS14="e",BS14="t",BS14="cl",BS14="cal"),-8,0)) -> 0 | BY14: =SUM(N14,Z14,AL14,AX14,BJ14,BV14) -> 6 | BZ14: =IF(SUM(AV14,BH14,AJ14,X14,L14,BT14)<0,0,SUM(AV14,BH14,AJ14,X14,L14,BT14)) -> 75 | CA14: =SUM(AW14,BI14,AK14,Y14,M14,BU14) -> 0 | CB14: =(BZ14*CC14)+(CA14*CD14) -> 104103.54 | CC14: =D14*12/2080*1.5 -> 1388.0472 | CD14: =D14*12/2080*2 -> 1850.7296
B15: 3 | C15: 18004409 | D15: =IF(C15="",0,VLOOKUP(C15,Conf!A:D,4,FALSE)) -> 195777.23 | E15: 0 | F15: 0 | G15: v | H15: v | I15: v | J15: v | K15: v | L15: =IF(AND(O15<0,N15>0),0,(IF(AND(P15<0,BY15>1),0,IF(AND(E15="",F15="",G15="",H15="",I15="",J15="",K15=""),0,IF(AND(E15="",F15="",G15="",H15="",I15="",J15="",K15=""),0,SUM(E15:K15)-40-M15)+(COUNTIF(G15:K15,"v")*8)+(COUNTIF(G15:K15,"sl")*8)+(COUNTIF(G15:K15,"ml")*8)+(COUNTIF(G15:K15,"t")*8)+(COUNTIF(G15:K15,"cl")*8)+(COUNTIF(G15:K15,"el")*8)+(COUNTIF(G15:K15,"cal")*8)+(COUNTIF(G15:K15,"E")*8)+($L$9*8))+IF($G$9=1,IF(OR(G15="sl",G15="v",G15="ml",G15="e",G15="t",G15="cl",G15="cal"),-8,0))+IF($H$9=1,IF(OR(H15="sl",H15="v",H15="ml",H15="e",H15="t",H15="cl",H15="cal"),-8,0))+IF($I$9=1,IF(OR(I15="sl",I15="v",I15="ml",I15="e",I15="t",I15="cl",I15="cal"),-8,0))+IF($J$9=1,IF(OR(J15="sl",J15="v",J15="ml",J15="e",J15="t",J15="cl",J15="cal"),-8,0))+IF($K$9=1,IF(OR(K15="sl",K15="v",K15="ml",K15="e",K15="t",K15="cl",K15="cal"),-8,0))))) -> 0 | M15: =SUMIF(E$9:K$9,1,E15:K15) -> 0 | N15: =COUNTIF(E15:F15,14)+IF(AND($G$9=0,G15=14),1,0)+IF(AND($H$9=0,H15=14),1,0)+IF(AND($I$9=0,I15=14),1,0)+IF(AND($J$9=0,J15=14),1,0)+IF(AND($K$9=0,K15=14),1,0) -> 0 | O15: =IF(AND(P15<0,BY15>1),0,IF(AND(E15="",F15="",G15="",H15="",I15="",J15="",K15=""),0,IF(AND(E15="",F15="",G15="",H15="",I15="",J15="",K15=""),0,SUM(E15:K15)-40-M15)+(COUNTIF(G15:K15,"v")*8)+(COUNTIF(G15:K15,"sl")*8)+(COUNTIF(G15:K15,"ml")*8)+(COUNTIF(G15:K15,"t")*8)+(COUNTIF(G15:K15,"cl")*8)+(COUNTIF(G15:K15,"el")*8)+(COUNTIF(G15:K15,"cal")*8)+(COUNTIF(G15:K15,"E")*8)+($L$9*8))+IF($G$9=1,IF(OR(G15="sl",G15="v",G15="ml",G15="e",G15="t",G15="cl",G15="cal"),-8,0))+IF($H$9=1,IF(OR(H15="sl",H15="v",H15="ml",H15="e",H15="t",H15="cl",H15="cal"),-8,0))+IF($I$9=1,IF(OR(I15="sl",I15="v",I15="ml",I15="e",I15="t",I15="cl",I15="cal"),-8,0))+IF($J$9=1,IF(OR(J15="sl",J15="v",J15="ml",J15="e",J15="t",J15="cl",J15="cal"),-8,0))+IF($K$9=1,IF(OR(K15="sl",K15="v",K15="ml",K15="e",K15="t",K15="cl",K15="cal"),-8,0))) -> 0 | P15: =IF(AND(E15="",F15="",G15="",H15="",I15="",J15="",K15=""),0,IF(AND(E15="",F15="",G15="",H15="",I15="",J15="",K15=""),0,SUM(E15:K15)-40-M15)+(COUNTIF(G15:K15,"v")*8)+(COUNTIF(G15:K15,"sl")*8)+(COUNTIF(G15:K15,"ml")*8)+(COUNTIF(G15:K15,"t")*8)+(COUNTIF(G15:K15,"cl")*8)+(COUNTIF(G15:K15,"el")*8)+(COUNTIF(G15:K15,"cal")*8)+(COUNTIF(G15:K15,"E")*8)+($L$9*8))+IF($G$9=1,IF(OR(G15="sl",G15="v",G15="ml",G15="e",G15="t",G15="cl",G15="cal"),-8,0))+IF($H$9=1,IF(OR(H15="sl",H15="v",H15="ml",H15="e",H15="t",H15="cl",H15="cal"),-8,0))+IF($I$9=1,IF(OR(I15="sl",I15="v",I15="ml",I15="e",I15="t",I15="cl",I15="cal"),-8,0))+IF($J$9=1,IF(OR(J15="sl",J15="v",J15="ml",J15="e",J15="t",J15="cl",J15="cal"),-8,0))+IF($K$9=1,IF(OR(K15="sl",K15="v",K15="ml",K15="e",K15="t",K15="cl",K15="cal"),-8,0)) -> 0 | Q15: 0 | R15: 0 | S15: v | T15: v | U15: v | V15: v | W15: v | X15: =IF(AND(AA15<0,Z15>0),0,(IF(AND(AB15<0,BY15>1),0,IF(AND(Q15="",R15="",S15="",T15="",U15="",V15="",W15=""),0,IF(AND(Q15="",R15="",S15="",T15="",U15="",V15="",W15=""),0,SUM(Q15:W15)-40-Y15)+(COUNTIF(S15:W15,"v")*8)+(COUNTIF(S15:W15,"sl")*8)+(COUNTIF(S15:W15,"ml")*8)+(COUNTIF(S15:W15,"t")*8)+(COUNTIF(S15:W15,"cl")*8)+(COUNTIF(S15:W15,"el")*8)+(COUNTIF(S15:W15,"cal")*8)+(COUNTIF(S15:W15,"E")*8)+($X$9*8))+IF($S$9=1,IF(OR(S15="sl",S15="v",S15="ml",S15="e",S15="t",S15="cl",S15="cal"),-8,0))+IF($T$9=1,IF(OR(T15="sl",T15="v",T15="ml",T15="e",T15="t",T15="cl",T15="cal"),-8,0))+IF($U$9=1,IF(OR(U15="sl",U15="v",U15="ml",U15="e",U15="t",U15="cl",U15="cal"),-8,0))+IF($V$9=1,IF(OR(V15="sl",V15="v",V15="ml",V15="e",V15="t",V15="cl",V15="cal"),-8,0))+IF($W$9=1,IF(OR(W15="sl",W15="v",W15="ml",W15="e",W15="t",W15="cl",W15="cal"),-8,0))))) -> 0 | Y15: =SUMIF(Q$9:W$9,1,Q15:W15) -> 0 | Z15: =COUNTIF(Q15:R15,14)+IF(AND($S$9=0,S15=14),1,0)+IF(AND($T$9=0,T15=14),1,0)+IF(AND($U$9=0,U15=14),1,0)+IF(AND($V$9=0,V15=14),1,0)+IF(AND($W$9=0,W15=14),1,0) -> 0 | AA15: =IF(AND(AB15<0,BY15>1),0,IF(AND(Q15="",R15="",S15="",T15="",U15="",V15="",W15=""),0,IF(AND(Q15="",R15="",S15="",T15="",U15="",V15="",W15=""),0,SUM(Q15:W15)-40-Y15)+(COUNTIF(S15:W15,"v")*8)+(COUNTIF(S15:W15,"sl")*8)+(COUNTIF(S15:W15,"ml")*8)+(COUNTIF(S15:W15,"t")*8)+(COUNTIF(S15:W15,"cl")*8)+(COUNTIF(S15:W15,"el")*8)+(COUNTIF(S15:W15,"cal")*8)+(COUNTIF(S15:W15,"E")*8)+($X$9*8))+IF($S$9=1,IF(OR(S15="sl",S15="v",S15="ml",S15="e",S15="t",S15="cl",S15="cal"),-8,0))+IF($T$9=1,IF(OR(T15="sl",T15="v",T15="ml",T15="e",T15="t",T15="cl",T15="cal"),-8,0))+IF($U$9=1,IF(OR(U15="sl",U15="v",U15="ml",U15="e",U15="t",U15="cl",U15="cal"),-8,0))+IF($V$9=1,IF(OR(V15="sl",V15="v",V15="ml",V15="e",V15="t",V15="cl",V15="cal"),-8,0))+IF($W$9=1,IF(OR(W15="sl",W15="v",W15="ml",W15="e",W15="t",W15="cl",W15="cal"),-8,0))) -> 0 | AB15: =IF(AND(Q15="",R15="",S15="",T15="",U15="",V15="",W15=""),0,IF(AND(Q15="",R15="",S15="",T15="",U15="",V15="",W15=""),0,SUM(Q15:W15)-40-Y15)+(COUNTIF(S15:W15,"v")*8)+(COUNTIF(S15:W15,"sl")*8)+(COUNTIF(S15:W15,"ml")*8)+(COUNTIF(S15:W15,"t")*8)+(COUNTIF(S15:W15,"cl")*8)+(COUNTIF(S15:W15,"el")*8)+(COUNTIF(S15:W15,"cal")*8)+(COUNTIF(S15:W15,"E")*8)+($X$9*8))+IF($S$9=1,IF(OR(S15="sl",S15="v",S15="ml",S15="e",S15="t",S15="cl",S15="cal"),-8,0))+IF($T$9=1,IF(OR(T15="sl",T15="v",T15="ml",T15="e",T15="t",T15="cl",T15="cal"),-8,0))+IF($U$9=1,IF(OR(U15="sl",U15="v",U15="ml",U15="e",U15="t",U15="cl",U15="cal"),-8,0))+IF($V$9=1,IF(OR(V15="sl",V15="v",V15="ml",V15="e",V15="t",V15="cl",V15="cal"),-8,0))+IF($W$9=1,IF(OR(W15="sl",W15="v",W15="ml",W15="e",W15="t",W15="cl",W15="cal"),-8,0)) -> 0 | AC15: 0 | AD15: 0 | AE15: 7 | AF15: 7 | AG15: 7 | AH15: 7 | AI15: 10 | AJ15: =IF(AND(AM15<0,AL15>0),0,(IF(AND(AN15<0,BY15>1),0,IF(AND(AC15="",AD15="",AE15="",AF15="",AG15="",AH15="",AI15=""),0,IF(AND(AC15="",AD15="",AE15="",AF15="",AG15="",AH15="",AI15=""),0,SUM(AC15:AI15)-40-AK15)+(COUNTIF(AE15:AI15,"v")*8)+(COUNTIF(AE15:AI15,"sl")*8)+(COUNTIF(AE15:AI15,"ml")*8)+(COUNTIF(AE15:AI15,"t")*8)+(COUNTIF(AE15:AI15,"cl")*8)+(COUNTIF(AE15:AI15,"el")*8)+(COUNTIF(AE15:AI15,"cal")*8)+(COUNTIF(AE15:AI15,"E")*8)+($AJ$9*8))+IF($AE$9=1,IF(OR(AE15="sl",AE15="v",AE15="ml",AE15="e",AE15="t",AE15="cl",AE15="cal"),-8,0))+IF($AF$9=1,IF(OR(AF15="sl",AF15="v",AF15="ml",AF15="e",AF15="t",AF15="cl",AF15="cal"),-8,0))+IF($AG$9=1,IF(OR(AG15="sl",AG15="v",AG15="ml",AG15="e",AG15="t",AG15="cl",AG15="cal"),-8,0))+IF($AH$9=1,IF(OR(AH15="sl",AH15="v",AH15="ml",AH15="e",AH15="t",AH15="cl",AH15="cal"),-8,0))+IF($AI$9=1,IF(OR(AI15="sl",AI15="v",AI15="ml",AI15="e",AI15="t",AI15="cl",AI15="cal"),-8,0))))) -> 0 | AK15: =SUMIF(AC$9:AI$9,1,AC15:AI15) -> 0 | AL15: =COUNTIF(AC15:AD15,14)+IF(AND($AE$9=0,AE15=14),1,0)+IF(AND($AF$9=0,AF15=14),1,0)+IF(AND($AG$9=0,AG15=14),1,0)+IF(AND($AH$9=0,AH15=14),1,0)+IF(AND($AI$9=0,AI15=14),1,0) -> 0 | AM15: =IF(AND(AN15<0,BY15>1),0,IF(AND(AC15="",AD15="",AE15="",AF15="",AG15="",AH15="",AI15=""),0,IF(AND(AC15="",AD15="",AE15="",AF15="",AG15="",AH15="",AI15=""),0,SUM(AC15:AI15)-40-AK15)+(COUNTIF(AE15:AI15,"v")*8)+(COUNTIF(AE15:AI15,"sl")*8)+(COUNTIF(AE15:AI15,"ml")*8)+(COUNTIF(AE15:AI15,"t")*8)+(COUNTIF(AE15:AI15,"cl")*8)+(COUNTIF(AE15:AI15,"el")*8)+(COUNTIF(AE15:AI15,"cal")*8)+(COUNTIF(AE15:AI15,"E")*8)+($AJ$9*8))+IF($AE$9=1,IF(OR(AE15="sl",AE15="v",AE15="ml",AE15="e",AE15="t",AE15="cl",AE15="cal"),-8,0))+IF($AF$9=1,IF(OR(AF15="sl",AF15="v",AF15="ml",AF15="e",AF15="t",AF15="cl",AF15="cal"),-8,0))+IF($AG$9=1,IF(OR(AG15="sl",AG15="v",AG15="ml",AG15="e",AG15="t",AG15="cl",AG15="cal"),-8,0))+IF($AH$9=1,IF(OR(AH15="sl",AH15="v",AH15="ml",AH15="e",AH15="t",AH15="cl",AH15="cal"),-8,0))+IF($AI$9=1,IF(OR(AI15="sl",AI15="v",AI15="ml",AI15="e",AI15="t",AI15="cl",AI15="cal"),-8,0))) -> 0 | AN15: =IF(AND(AC15="",AD15="",AE15="",AF15="",AG15="",AH15="",AI15=""),0,IF(AND(AC15="",AD15="",AE15="",AF15="",AG15="",AH15="",AI15=""),0,SUM(AC15:AI15)-40-AK15)+(COUNTIF(AE15:AI15,"v")*8)+(COUNTIF(AE15:AI15,"sl")*8)+(COUNTIF(AE15:AI15,"ml")*8)+(COUNTIF(AE15:AI15,"t")*8)+(COUNTIF(AE15:AI15,"cl")*8)+(COUNTIF(AE15:AI15,"el")*8)+(COUNTIF(AE15:AI15,"cal")*8)+(COUNTIF(AE15:AI15,"E")*8)+($AJ$9*8))+IF($AE$9=1,IF(OR(AE15="sl",AE15="v",AE15="ml",AE15="e",AE15="t",AE15="cl",AE15="cal"),-8,0))+IF($AF$9=1,IF(OR(AF15="sl",AF15="v",AF15="ml",AF15="e",AF15="t",AF15="cl",AF15="cal"),-8,0))+IF($AG$9=1,IF(OR(AG15="sl",AG15="v",AG15="ml",AG15="e",AG15="t",AG15="cl",AG15="cal"),-8,0))+IF($AH$9=1,IF(OR(AH15="sl",AH15="v",AH15="ml",AH15="e",AH15="t",AH15="cl",AH15="cal"),-8,0))+IF($AI$9=1,IF(OR(AI15="sl",AI15="v",AI15="ml",AI15="e",AI15="t",AI15="cl",AI15="cal"),-8,0)) -> -2 | AO15: 0 | AP15: 14 | AQ15: 10 | AR15: 0 | AS15: 14 | AT15: 10 | AU15: 0 | AV15: =IF(AND(AY15<0,AX15>0),0,(IF(AND(AZ15<0,BY15>1),0,IF(AND(AO15="",AP15="",AQ15="",AR15="",AS15="",AT15="",AU15=""),0,IF(AND(AO15="",AP15="",AQ15="",AR15="",AS15="",AT15="",AU15=""),0,SUM(AO15:AU15)-40-AW15)+(COUNTIF(AQ15:AU15,"v")*8)+(COUNTIF(AQ15:AU15,"sl")*8)+(COUNTIF(AQ15:AU15,"ml")*8)+(COUNTIF(AQ15:AU15,"t")*8)+(COUNTIF(AQ15:AU15,"cl")*8)+(COUNTIF(AQ15:AU15,"el")*8)+(COUNTIF(AQ15:AU15,"cal")*8)+(COUNTIF(AQ15:AU15,"E")*8)+($AV$9*8))+IF($AQ$9=1,IF(OR(AQ15="sl",AQ15="v",AQ15="ml",AQ15="e",AQ15="t",AQ15="cl",AQ15="cal"),-8,0))+IF($AR$9=1,IF(OR(AR15="sl",AR15="v",AR15="ml",AR15="e",AR15="t",AR15="cl",AR15="cal"),-8,0))+IF($AS$9=1,IF(OR(AS15="sl",AS15="v",AS15="ml",AS15="e",AS15="t",AS15="cl",AS15="cal"),-8,0))+IF($AT$9=1,IF(OR(AT15="sl",AT15="v",AT15="ml",AT15="e",AT15="t",AT15="cl",AT15="cal"),-8,0))+IF($AU$9=1,IF(OR(AU15="sl",AU15="v",AU15="ml",AU15="e",AU15="t",AU15="cl",AU15="cal"),-8,0))))) -> 8 | AW15: =SUMIF(AO$9:AU$9,1,AO15:AU15) -> 0 | AX15: =COUNTIF(AO15:AP15,14)+IF(AND($AQ$9=0,AQ15=14),1,0)+IF(AND($AR$9=0,AR15=14),1,0)+IF(AND($AS$9=0,AS15=14),1,0)+IF(AND($AT$9=0,AT15=14),1,0)+IF(AND($AU$9=0,AU15=14),1,0) -> 2 | AY15: =IF(AND(AZ15<0,BY15>1),0,IF(AND(AO15="",AP15="",AQ15="",AR15="",AS15="",AT15="",AU15=""),0,IF(AND(AO15="",AP15="",AQ15="",AR15="",AS15="",AT15="",AU15=""),0,SUM(AO15:AU15)-40-AW15)+(COUNTIF(AQ15:AU15,"v")*8)+(COUNTIF(AQ15:AU15,"sl")*8)+(COUNTIF(AQ15:AU15,"ml")*8)+(COUNTIF(AQ15:AU15,"t")*8)+(COUNTIF(AQ15:AU15,"cl")*8)+(COUNTIF(AQ15:AU15,"el")*8)+(COUNTIF(AQ15:AU15,"cal")*8)+(COUNTIF(AQ15:AU15,"E")*8)+($AV$9*8))+IF($AQ$9=1,IF(OR(AQ15="sl",AQ15="v",AQ15="ml",AQ15="e",AQ15="t",AQ15="cl",AQ15="cal"),-8,0))+IF($AR$9=1,IF(OR(AR15="sl",AR15="v",AR15="ml",AR15="e",AR15="t",AR15="cl",AR15="cal"),-8,0))+IF($AS$9=1,IF(OR(AS15="sl",AS15="v",AS15="ml",AS15="e",AS15="t",AS15="cl",AS15="cal"),-8,0))+IF($AT$9=1,IF(OR(AT15="sl",AT15="v",AT15="ml",AT15="e",AT15="t",AT15="cl",AT15="cal"),-8,0))+IF($AU$9=1,IF(OR(AU15="sl",AU15="v",AU15="ml",AU15="e",AU15="t",AU15="cl",AU15="cal"),-8,0))) -> 8 | AZ15: =IF(AND(AO15="",AP15="",AQ15="",AR15="",AS15="",AT15="",AU15=""),0,IF(AND(AO15="",AP15="",AQ15="",AR15="",AS15="",AT15="",AU15=""),0,SUM(AO15:AU15)-40-AW15)+(COUNTIF(AQ15:AU15,"v")*8)+(COUNTIF(AQ15:AU15,"sl")*8)+(COUNTIF(AQ15:AU15,"ml")*8)+(COUNTIF(AQ15:AU15,"t")*8)+(COUNTIF(AQ15:AU15,"cl")*8)+(COUNTIF(AQ15:AU15,"el")*8)+(COUNTIF(AQ15:AU15,"cal")*8)+(COUNTIF(AQ15:AU15,"E")*8)+($AV$9*8))+IF($AQ$9=1,IF(OR(AQ15="sl",AQ15="v",AQ15="ml",AQ15="e",AQ15="t",AQ15="cl",AQ15="cal"),-8,0))+IF($AR$9=1,IF(OR(AR15="sl",AR15="v",AR15="ml",AR15="e",AR15="t",AR15="cl",AR15="cal"),-8,0))+IF($AS$9=1,IF(OR(AS15="sl",AS15="v",AS15="ml",AS15="e",AS15="t",AS15="cl",AS15="cal"),-8,0))+IF($AT$9=1,IF(OR(AT15="sl",AT15="v",AT15="ml",AT15="e",AT15="t",AT15="cl",AT15="cal"),-8,0))+IF($AU$9=1,IF(OR(AU15="sl",AU15="v",AU15="ml",AU15="e",AU15="t",AU15="cl",AU15="cal"),-8,0)) -> 8 | BH15: =IF(AND(BK15<0,BJ15>0),0,(IF(AND(BL15<0,BY15>1),0,IF(AND(BA15="",BB15="",BC15="",BD15="",BE15="",BF15="",BG15=""),0,IF(AND(BA15="",BB15="",BC15="",BD15="",BE15="",BF15="",BG15=""),0,SUM(BA15:BG15)-40-BI15)+(COUNTIF(BC15:BG15,"v")*8)+(COUNTIF(BC15:BG15,"sl")*8)+(COUNTIF(BC15:BG15,"ml")*8)+(COUNTIF(BC15:BG15,"t")*8)+(COUNTIF(BC15:BG15,"cl")*8)+(COUNTIF(BC15:BG15,"el")*8)+(COUNTIF(BC15:BG15,"cal")*8)+(COUNTIF(BC15:BG15,"E")*8)+($BH$9*8))+IF($BC$9=1,IF(OR(BC15="sl",BC15="v",BC15="ml",BC15="e",BC15="t",BC15="cl",BC15="cal"),-8,0))+IF($BD$9=1,IF(OR(BD15="sl",BD15="v",BD15="ml",BD15="e",BD15="t",BD15="cl",BD15="cal"),-8,0))+IF($BE$9=1,IF(OR(BE15="sl",BE15="v",BE15="ml",BE15="e",BE15="t",BE15="cl",BE15="cal"),-8,0))+IF($BF$9=1,IF(OR(BF15="sl",BF15="v",BF15="ml",BF15="e",BF15="t",BF15="cl",BF15="cal"),-8,0))+IF($BG$9=1,IF(OR(BG15="sl",BG15="v",BG15="ml",BG15="e",BG15="t",BG15="cl",BG15="cal"),-8,0))))) -> 0 | BI15: =SUMIF(BA$9:BG$9,1,BA15:BG15) -> 0 | BJ15: =COUNTIF(BA15:BB15,14)+IF(AND($BC$9=0,BC15=14),1,0)+IF(AND($BD$9=0,BD15=14),1,0)+IF(AND($BE$9=0,BE15=14),1,0)+IF(AND($BF$9=0,BF15=14),1,0)+IF(AND($BG$9=0,BG15=14),1,0) -> 0 | BK15: =IF(AND(BL15<0,BY15>1),0,IF(AND(BA15="",BB15="",BC15="",BD15="",BE15="",BF15="",BG15=""),0,IF(AND(BA15="",BB15="",BC15="",BD15="",BE15="",BF15="",BG15=""),0,SUM(BA15:BG15)-40-BI15)+(COUNTIF(BC15:BG15,"v")*8)+(COUNTIF(BC15:BG15,"sl")*8)+(COUNTIF(BC15:BG15,"ml")*8)+(COUNTIF(BC15:BG15,"t")*8)+(COUNTIF(BC15:BG15,"cl")*8)+(COUNTIF(BC15:BG15,"el")*8)+(COUNTIF(BC15:BG15,"cal")*8)+(COUNTIF(BC15:BG15,"E")*8)+($BH$9*8))+IF($BC$9=1,IF(OR(BC15="sl",BC15="v",BC15="ml",BC15="e",BC15="t",BC15="cl",BC15="cal"),-8,0))+IF($BD$9=1,IF(OR(BD15="sl",BD15="v",BD15="ml",BD15="e",BD15="t",BD15="cl",BD15="cal"),-8,0))+IF($BE$9=1,IF(OR(BE15="sl",BE15="v",BE15="ml",BE15="e",BE15="t",BE15="cl",BE15="cal"),-8,0))+IF($BF$9=1,IF(OR(BF15="sl",BF15="v",BF15="ml",BF15="e",BF15="t",BF15="cl",BF15="cal"),-8,0))+IF($BG$9=1,IF(OR(BG15="sl",BG15="v",BG15="ml",BG15="e",BG15="t",BG15="cl",BG15="cal"),-8,0))) -> 0 | BL15: =IF(AND(BA15="",BB15="",BC15="",BD15="",BE15="",BF15="",BG15=""),0,IF(AND(BA15="",BB15="",BC15="",BD15="",BE15="",BF15="",BG15=""),0,SUM(BA15:BG15)-40-BI15)+(COUNTIF(BC15:BG15,"v")*8)+(COUNTIF(BC15:BG15,"sl")*8)+(COUNTIF(BC15:BG15,"ml")*8)+(COUNTIF(BC15:BG15,"t")*8)+(COUNTIF(BC15:BG15,"cl")*8)+(COUNTIF(BC15:BG15,"el")*8)+(COUNTIF(BC15:BG15,"cal")*8)+(COUNTIF(BC15:BG15,"E")*8)+($BH$9*8))+IF($BC$9=1,IF(OR(BC15="sl",BC15="v",BC15="ml",BC15="e",BC15="t",BC15="cl",BC15="cal"),-8,0))+IF($BD$9=1,IF(OR(BD15="sl",BD15="v",BD15="ml",BD15="e",BD15="t",BD15="cl",BD15="cal"),-8,0))+IF($BE$9=1,IF(OR(BE15="sl",BE15="v",BE15="ml",BE15="e",BE15="t",BE15="cl",BE15="cal"),-8,0))+IF($BF$9=1,IF(OR(BF15="sl",BF15="v",BF15="ml",BF15="e",BF15="t",BF15="cl",BF15="cal"),-8,0))+IF($BG$9=1,IF(OR(BG15="sl",BG15="v",BG15="ml",BG15="e",BG15="t",BG15="cl",BG15="cal"),-8,0)) -> 0 | BT15: =IF(AND(BW15<0,BV15>0),0,(IF(AND(BX15<0,BY15>1),0,IF(AND(BM15="",BN15="",BO15="",BP15="",BQ15="",BR15="",BS15=""),0,IF(AND(BM15="",BN15="",BO15="",BP15="",BQ15="",BR15="",BS15=""),0,SUM(BM15:BS15)-40-BU15)+(COUNTIF(BO15:BS15,"v")*8)+(COUNTIF(BO15:BS15,"sl")*8)+(COUNTIF(BO15:BS15,"ml")*8)+(COUNTIF(BO15:BS15,"t")*8)+(COUNTIF(BO15:BS15,"cl")*8)+(COUNTIF(BO15:BS15,"el")*8)+(COUNTIF(BO15:BS15,"cal")*8)+(COUNTIF(BO15:BS15,"E")*8)+($BT$9*8))+IF($BO$9=1,IF(OR(BO15="sl",BO15="v",BO15="ml",BO15="e",BO15="t",BO15="cl",BO15="cal"),-8,0))+IF($BP$9=1,IF(OR(BP15="sl",BP15="v",BP15="ml",BP15="e",BP15="t",BP15="cl",BP15="cal"),-8,0))+IF($BQ$9=1,IF(OR(BQ15="sl",BQ15="v",BQ15="ml",BQ15="e",BQ15="t",BQ15="cl",BQ15="cal"),-8,0))+IF($BR$9=1,IF(OR(BR15="sl",BR15="v",BR15="ml",BR15="e",BR15="t",BR15="cl",BR15="cal"),-8,0))+IF($BS$9=1,IF(OR(BS15="sl",BS15="v",BS15="ml",BS15="e",BS15="t",BS15="cl",BS15="cal"),-8,0))))) -> 0 | BU15: =SUMIF(BM$9:BS$9,1,BM15:BS15) -> 0 | BV15: =COUNTIF(BM15:BN15,14)+IF(AND($BO$9=0,BO15=14),1,0)+IF(AND($BP$9=0,BP15=14),1,0)+IF(AND($BQ$9=0,BQ15=14),1,0)+IF(AND($BR$9=0,BR15=14),1,0)+IF(AND($BS$9=0,BS15=14),1,0) -> 0 | BW15: =IF(AND(BX15<0,BY15>1),0,IF(AND(BM15="",BN15="",BO15="",BP15="",BQ15="",BR15="",BS15=""),0,IF(AND(BM15="",BN15="",BO15="",BP15="",BQ15="",BR15="",BS15=""),0,SUM(BM15:BS15)-40-BU15)+(COUNTIF(BO15:BS15,"v")*8)+(COUNTIF(BO15:BS15,"sl")*8)+(COUNTIF(BO15:BS15,"ml")*8)+(COUNTIF(BO15:BS15,"t")*8)+(COUNTIF(BO15:BS15,"cl")*8)+(COUNTIF(BO15:BS15,"el")*8)+(COUNTIF(BO15:BS15,"cal")*8)+(COUNTIF(BO15:BS15,"E")*8)+($BT$9*8))+IF($BO$9=1,IF(OR(BO15="sl",BO15="v",BO15="ml",BO15="e",BO15="t",BO15="cl",BO15="cal"),-8,0))+IF($BP$9=1,IF(OR(BP15="sl",BP15="v",BP15="ml",BP15="e",BP15="t",BP15="cl",BP15="cal"),-8,0))+IF($BQ$9=1,IF(OR(BQ15="sl",BQ15="v",BQ15="ml",BQ15="e",BQ15="t",BQ15="cl",BQ15="cal"),-8,0))+IF($BR$9=1,IF(OR(BR15="sl",BR15="v",BR15="ml",BR15="e",BR15="t",BR15="cl",BR15="cal"),-8,0))+IF($BS$9=1,IF(OR(BS15="sl",BS15="v",BS15="ml",BS15="e",BS15="t",BS15="cl",BS15="cal"),-8,0))) -> 0 | BX15: =IF(AND(BM15="",BN15="",BO15="",BP15="",BQ15="",BR15="",BS15=""),0,IF(AND(BM15="",BN15="",BO15="",BP15="",BQ15="",BR15="",BS15=""),0,SUM(BM15:BS15)-40-BU15)+(COUNTIF(BO15:BS15,"v")*8)+(COUNTIF(BO15:BS15,"sl")*8)+(COUNTIF(BO15:BS15,"ml")*8)+(COUNTIF(BO15:BS15,"t")*8)+(COUNTIF(BO15:BS15,"cl")*8)+(COUNTIF(BO15:BS15,"el")*8)+(COUNTIF(BO15:BS15,"cal")*8)+(COUNTIF(BO15:BS15,"E")*8)+($BT$9*8))+IF($BO$9=1,IF(OR(BO15="sl",BO15="v",BO15="ml",BO15="e",BO15="t",BO15="cl",BO15="cal"),-8,0))+IF($BP$9=1,IF(OR(BP15="sl",BP15="v",BP15="ml",BP15="e",BP15="t",BP15="cl",BP15="cal"),-8,0))+IF($BQ$9=1,IF(OR(BQ15="sl",BQ15="v",BQ15="ml",BQ15="e",BQ15="t",BQ15="cl",BQ15="cal"),-8,0))+IF($BR$9=1,IF(OR(BR15="sl",BR15="v",BR15="ml",BR15="e",BR15="t",BR15="cl",BR15="cal"),-8,0))+IF($BS$9=1,IF(OR(BS15="sl",BS15="v",BS15="ml",BS15="e",BS15="t",BS15="cl",BS15="cal"),-8,0)) -> 0 | BY15: =SUM(N15,Z15,AL15,AX15,BJ15,BV15) -> 2 | BZ15: =IF(SUM(AV15,BH15,AJ15,X15,L15,BT15)<0,0,SUM(AV15,BH15,AJ15,X15,L15,BT15)) -> 8 | CA15: =SUM(AW15,BI15,AK15,Y15,M15,BU15) -> 0 | CB15: =(BZ15*CC15)+(CA15*CD15) -> 13553.808 | CC15: =D15*12/2080*1.5 -> 1694.226 | CD15: =D15*12/2080*2 -> 2258.968
B16: 3 | C16: 18004523 | D16: =IF(C16="",0,VLOOKUP(C16,Conf!A:D,4,FALSE)) -> 196924.56 | E16: 10 | F16: 7 | G16: 10 | H16: 10 | I16: 10 | J16: 10 | K16: 10 | L16: =IF(AND(O16<0,N16>0),0,(IF(AND(P16<0,BY16>1),0,IF(AND(E16="",F16="",G16="",H16="",I16="",J16="",K16=""),0,IF(AND(E16="",F16="",G16="",H16="",I16="",J16="",K16=""),0,SUM(E16:K16)-40-M16)+(COUNTIF(G16:K16,"v")*8)+(COUNTIF(G16:K16,"sl")*8)+(COUNTIF(G16:K16,"ml")*8)+(COUNTIF(G16:K16,"t")*8)+(COUNTIF(G16:K16,"cl")*8)+(COUNTIF(G16:K16,"el")*8)+(COUNTIF(G16:K16,"cal")*8)+(COUNTIF(G16:K16,"E")*8)+($L$9*8))+IF($G$9=1,IF(OR(G16="sl",G16="v",G16="ml",G16="e",G16="t",G16="cl",G16="cal"),-8,0))+IF($H$9=1,IF(OR(H16="sl",H16="v",H16="ml",H16="e",H16="t",H16="cl",H16="cal"),-8,0))+IF($I$9=1,IF(OR(I16="sl",I16="v",I16="ml",I16="e",I16="t",I16="cl",I16="cal"),-8,0))+IF($J$9=1,IF(OR(J16="sl",J16="v",J16="ml",J16="e",J16="t",J16="cl",J16="cal"),-8,0))+IF($K$9=1,IF(OR(K16="sl",K16="v",K16="ml",K16="e",K16="t",K16="cl",K16="cal"),-8,0))))) -> 27 | M16: =SUMIF(E$9:K$9,1,E16:K16) -> 0 | N16: =COUNTIF(E16:F16,14)+IF(AND($G$9=0,G16=14),1,0)+IF(AND($H$9=0,H16=14),1,0)+IF(AND($I$9=0,I16=14),1,0)+IF(AND($J$9=0,J16=14),1,0)+IF(AND($K$9=0,K16=14),1,0) -> 0 | O16: =IF(AND(P16<0,BY16>1),0,IF(AND(E16="",F16="",G16="",H16="",I16="",J16="",K16=""),0,IF(AND(E16="",F16="",G16="",H16="",I16="",J16="",K16=""),0,SUM(E16:K16)-40-M16)+(COUNTIF(G16:K16,"v")*8)+(COUNTIF(G16:K16,"sl")*8)+(COUNTIF(G16:K16,"ml")*8)+(COUNTIF(G16:K16,"t")*8)+(COUNTIF(G16:K16,"cl")*8)+(COUNTIF(G16:K16,"el")*8)+(COUNTIF(G16:K16,"cal")*8)+(COUNTIF(G16:K16,"E")*8)+($L$9*8))+IF($G$9=1,IF(OR(G16="sl",G16="v",G16="ml",G16="e",G16="t",G16="cl",G16="cal"),-8,0))+IF($H$9=1,IF(OR(H16="sl",H16="v",H16="ml",H16="e",H16="t",H16="cl",H16="cal"),-8,0))+IF($I$9=1,IF(OR(I16="sl",I16="v",I16="ml",I16="e",I16="t",I16="cl",I16="cal"),-8,0))+IF($J$9=1,IF(OR(J16="sl",J16="v",J16="ml",J16="e",J16="t",J16="cl",J16="cal"),-8,0))+IF($K$9=1,IF(OR(K16="sl",K16="v",K16="ml",K16="e",K16="t",K16="cl",K16="cal"),-8,0))) -> 27 | P16: =IF(AND(E16="",F16="",G16="",H16="",I16="",J16="",K16=""),0,IF(AND(E16="",F16="",G16="",H16="",I16="",J16="",K16=""),0,SUM(E16:K16)-40-M16)+(COUNTIF(G16:K16,"v")*8)+(COUNTIF(G16:K16,"sl")*8)+(COUNTIF(G16:K16,"ml")*8)+(COUNTIF(G16:K16,"t")*8)+(COUNTIF(G16:K16,"cl")*8)+(COUNTIF(G16:K16,"el")*8)+(COUNTIF(G16:K16,"cal")*8)+(COUNTIF(G16:K16,"E")*8)+($L$9*8))+IF($G$9=1,IF(OR(G16="sl",G16="v",G16="ml",G16="e",G16="t",G16="cl",G16="cal"),-8,0))+IF($H$9=1,IF(OR(H16="sl",H16="v",H16="ml",H16="e",H16="t",H16="cl",H16="cal"),-8,0))+IF($I$9=1,IF(OR(I16="sl",I16="v",I16="ml",I16="e",I16="t",I16="cl",I16="cal"),-8,0))+IF($J$9=1,IF(OR(J16="sl",J16="v",J16="ml",J16="e",J16="t",J16="cl",J16="cal"),-8,0))+IF($K$9=1,IF(OR(K16="sl",K16="v",K16="ml",K16="e",K16="t",K16="cl",K16="cal"),-8,0)) -> 27 | Q16: 10 | R16: 7 | S16: 0 | T16: 14 | U16: 10 | V16: 0 | W16: 14 | X16: =IF(AND(AA16<0,Z16>0),0,(IF(AND(AB16<0,BY16>1),0,IF(AND(Q16="",R16="",S16="",T16="",U16="",V16="",W16=""),0,IF(AND(Q16="",R16="",S16="",T16="",U16="",V16="",W16=""),0,SUM(Q16:W16)-40-Y16)+(COUNTIF(S16:W16,"v")*8)+(COUNTIF(S16:W16,"sl")*8)+(COUNTIF(S16:W16,"ml")*8)+(COUNTIF(S16:W16,"t")*8)+(COUNTIF(S16:W16,"cl")*8)+(COUNTIF(S16:W16,"el")*8)+(COUNTIF(S16:W16,"cal")*8)+(COUNTIF(S16:W16,"E")*8)+($X$9*8))+IF($S$9=1,IF(OR(S16="sl",S16="v",S16="ml",S16="e",S16="t",S16="cl",S16="cal"),-8,0))+IF($T$9=1,IF(OR(T16="sl",T16="v",T16="ml",T16="e",T16="t",T16="cl",T16="cal"),-8,0))+IF($U$9=1,IF(OR(U16="sl",U16="v",U16="ml",U16="e",U16="t",U16="cl",U16="cal"),-8,0))+IF($V$9=1,IF(OR(V16="sl",V16="v",V16="ml",V16="e",V16="t",V16="cl",V16="cal"),-8,0))+IF($W$9=1,IF(OR(W16="sl",W16="v",W16="ml",W16="e",W16="t",W16="cl",W16="cal"),-8,0))))) -> 15 | Y16: =SUMIF(Q$9:W$9,1,Q16:W16) -> 0 | Z16: =COUNTIF(Q16:R16,14)+IF(AND($S$9=0,S16=14),1,0)+IF(AND($T$9=0,T16=14),1,0)+IF(AND($U$9=0,U16=14),1,0)+IF(AND($V$9=0,V16=14),1,0)+IF(AND($W$9=0,W16=14),1,0) -> 2 | AA16: =IF(AND(AB16<0,BY16>1),0,IF(AND(Q16="",R16="",S16="",T16="",U16="",V16="",W16=""),0,IF(AND(Q16="",R16="",S16="",T16="",U16="",V16="",W16=""),0,SUM(Q16:W16)-40-Y16)+(COUNTIF(S16:W16,"v")*8)+(COUNTIF(S16:W16,"sl")*8)+(COUNTIF(S16:W16,"ml")*8)+(COUNTIF(S16:W16,"t")*8)+(COUNTIF(S16:W16,"cl")*8)+(COUNTIF(S16:W16,"el")*8)+(COUNTIF(S16:W16,"cal")*8)+(COUNTIF(S16:W16,"E")*8)+($X$9*8))+IF($S$9=1,IF(OR(S16="sl",S16="v",S16="ml",S16="e",S16="t",S16="cl",S16="cal"),-8,0))+IF($T$9=1,IF(OR(T16="sl",T16="v",T16="ml",T16="e",T16="t",T16="cl",T16="cal"),-8,0))+IF($U$9=1,IF(OR(U16="sl",U16="v",U16="ml",U16="e",U16="t",U16="cl",U16="cal"),-8,0))+IF($V$9=1,IF(OR(V16="sl",V16="v",V16="ml",V16="e",V16="t",V16="cl",V16="cal"),-8,0))+IF($W$9=1,IF(OR(W16="sl",W16="v",W16="ml",W16="e",W16="t",W16="cl",W16="cal"),-8,0))) -> 15 | AB16: =IF(AND(Q16="",R16="",S16="",T16="",U16="",V16="",W16=""),0,IF(AND(Q16="",R16="",S16="",T16="",U16="",V16="",W16=""),0,SUM(Q16:W16)-40-Y16)+(COUNTIF(S16:W16,"v")*8)+(COUNTIF(S16:W16,"sl")*8)+(COUNTIF(S16:W16,"ml")*8)+(COUNTIF(S16:W16,"t")*8)+(COUNTIF(S16:W16,"cl")*8)+(COUNTIF(S16:W16,"el")*8)+(COUNTIF(S16:W16,"cal")*8)+(COUNTIF(S16:W16,"E")*8)+($X$9*8))+IF($S$9=1,IF(OR(S16="sl",S16="v",S16="ml",S16="e",S16="t",S16="cl",S16="cal"),-8,0))+IF($T$9=1,IF(OR(T16="sl",T16="v",T16="ml",T16="e",T16="t",T16="cl",T16="cal"),-8,0))+IF($U$9=1,IF(OR(U16="sl",U16="v",U16="ml",U16="e",U16="t",U16="cl",U16="cal"),-8,0))+IF($V$9=1,IF(OR(V16="sl",V16="v",V16="ml",V16="e",V16="t",V16="cl",V16="cal"),-8,0))+IF($W$9=1,IF(OR(W16="sl",W16="v",W16="ml",W16="e",W16="t",W16="cl",W16="cal"),-8,0)) -> 15 | AC16: 10 | AD16: 0 | AE16: 10 | AF16: 10 | AG16: 0 | AH16: 0 | AI16: 7 | AJ16: =IF(AND(AM16<0,AL16>0),0,(IF(AND(AN16<0,BY16>1),0,IF(AND(AC16="",AD16="",AE16="",AF16="",AG16="",AH16="",AI16=""),0,IF(AND(AC16="",AD16="",AE16="",AF16="",AG16="",AH16="",AI16=""),0,SUM(AC16:AI16)-40-AK16)+(COUNTIF(AE16:AI16,"v")*8)+(COUNTIF(AE16:AI16,"sl")*8)+(COUNTIF(AE16:AI16,"ml")*8)+(COUNTIF(AE16:AI16,"t")*8)+(COUNTIF(AE16:AI16,"cl")*8)+(COUNTIF(AE16:AI16,"el")*8)+(COUNTIF(AE16:AI16,"cal")*8)+(COUNTIF(AE16:AI16,"E")*8)+($AJ$9*8))+IF($AE$9=1,IF(OR(AE16="sl",AE16="v",AE16="ml",AE16="e",AE16="t",AE16="cl",AE16="cal"),-8,0))+IF($AF$9=1,IF(OR(AF16="sl",AF16="v",AF16="ml",AF16="e",AF16="t",AF16="cl",AF16="cal"),-8,0))+IF($AG$9=1,IF(OR(AG16="sl",AG16="v",AG16="ml",AG16="e",AG16="t",AG16="cl",AG16="cal"),-8,0))+IF($AH$9=1,IF(OR(AH16="sl",AH16="v",AH16="ml",AH16="e",AH16="t",AH16="cl",AH16="cal"),-8,0))+IF($AI$9=1,IF(OR(AI16="sl",AI16="v",AI16="ml",AI16="e",AI16="t",AI16="cl",AI16="cal"),-8,0))))) -> 0 | AK16: =SUMIF(AC$9:AI$9,1,AC16:AI16) -> 0 | AL16: =COUNTIF(AC16:AD16,14)+IF(AND($AE$9=0,AE16=14),1,0)+IF(AND($AF$9=0,AF16=14),1,0)+IF(AND($AG$9=0,AG16=14),1,0)+IF(AND($AH$9=0,AH16=14),1,0)+IF(AND($AI$9=0,AI16=14),1,0) -> 0 | AM16: =IF(AND(AN16<0,BY16>1),0,IF(AND(AC16="",AD16="",AE16="",AF16="",AG16="",AH16="",AI16=""),0,IF(AND(AC16="",AD16="",AE16="",AF16="",AG16="",AH16="",AI16=""),0,SUM(AC16:AI16)-40-AK16)+(COUNTIF(AE16:AI16,"v")*8)+(COUNTIF(AE16:AI16,"sl")*8)+(COUNTIF(AE16:AI16,"ml")*8)+(COUNTIF(AE16:AI16,"t")*8)+(COUNTIF(AE16:AI16,"cl")*8)+(COUNTIF(AE16:AI16,"el")*8)+(COUNTIF(AE16:AI16,"cal")*8)+(COUNTIF(AE16:AI16,"E")*8)+($AJ$9*8))+IF($AE$9=1,IF(OR(AE16="sl",AE16="v",AE16="ml",AE16="e",AE16="t",AE16="cl",AE16="cal"),-8,0))+IF($AF$9=1,IF(OR(AF16="sl",AF16="v",AF16="ml",AF16="e",AF16="t",AF16="cl",AF16="cal"),-8,0))+IF($AG$9=1,IF(OR(AG16="sl",AG16="v",AG16="ml",AG16="e",AG16="t",AG16="cl",AG16="cal"),-8,0))+IF($AH$9=1,IF(OR(AH16="sl",AH16="v",AH16="ml",AH16="e",AH16="t",AH16="cl",AH16="cal"),-8,0))+IF($AI$9=1,IF(OR(AI16="sl",AI16="v",AI16="ml",AI16="e",AI16="t",AI16="cl",AI16="cal"),-8,0))) -> 0 | AN16: =IF(AND(AC16="",AD16="",AE16="",AF16="",AG16="",AH16="",AI16=""),0,IF(AND(AC16="",AD16="",AE16="",AF16="",AG16="",AH16="",AI16=""),0,SUM(AC16:AI16)-40-AK16)+(COUNTIF(AE16:AI16,"v")*8)+(COUNTIF(AE16:AI16,"sl")*8)+(COUNTIF(AE16:AI16,"ml")*8)+(COUNTIF(AE16:AI16,"t")*8)+(COUNTIF(AE16:AI16,"cl")*8)+(COUNTIF(AE16:AI16,"el")*8)+(COUNTIF(AE16:AI16,"cal")*8)+(COUNTIF(AE16:AI16,"E")*8)+($AJ$9*8))+IF($AE$9=1,IF(OR(AE16="sl",AE16="v",AE16="ml",AE16="e",AE16="t",AE16="cl",AE16="cal"),-8,0))+IF($AF$9=1,IF(OR(AF16="sl",AF16="v",AF16="ml",AF16="e",AF16="t",AF16="cl",AF16="cal"),-8,0))+IF($AG$9=1,IF(OR(AG16="sl",AG16="v",AG16="ml",AG16="e",AG16="t",AG16="cl",AG16="cal"),-8,0))+IF($AH$9=1,IF(OR(AH16="sl",AH16="v",AH16="ml",AH16="e",AH16="t",AH16="cl",AH16="cal"),-8,0))+IF($AI$9=1,IF(OR(AI16="sl",AI16="v",AI16="ml",AI16="e",AI16="t",AI16="cl",AI16="cal"),-8,0)) -> -3 | AO16: 0 | AP16: 0 | AQ16: v | AR16: v | AS16: v | AT16: v | AU16: v | AV16: =IF(AND(AY16<0,AX16>0),0,(IF(AND(AZ16<0,BY16>1),0,IF(AND(AO16="",AP16="",AQ16="",AR16="",AS16="",AT16="",AU16=""),0,IF(AND(AO16="",AP16="",AQ16="",AR16="",AS16="",AT16="",AU16=""),0,SUM(AO16:AU16)-40-AW16)+(COUNTIF(AQ16:AU16,"v")*8)+(COUNTIF(AQ16:AU16,"sl")*8)+(COUNTIF(AQ16:AU16,"ml")*8)+(COUNTIF(AQ16:AU16,"t")*8)+(COUNTIF(AQ16:AU16,"cl")*8)+(COUNTIF(AQ16:AU16,"el")*8)+(COUNTIF(AQ16:AU16,"cal")*8)+(COUNTIF(AQ16:AU16,"E")*8)+($AV$9*8))+IF($AQ$9=1,IF(OR(AQ16="sl",AQ16="v",AQ16="ml",AQ16="e",AQ16="t",AQ16="cl",AQ16="cal"),-8,0))+IF($AR$9=1,IF(OR(AR16="sl",AR16="v",AR16="ml",AR16="e",AR16="t",AR16="cl",AR16="cal"),-8,0))+IF($AS$9=1,IF(OR(AS16="sl",AS16="v",AS16="ml",AS16="e",AS16="t",AS16="cl",AS16="cal"),-8,0))+IF($AT$9=1,IF(OR(AT16="sl",AT16="v",AT16="ml",AT16="e",AT16="t",AT16="cl",AT16="cal"),-8,0))+IF($AU$9=1,IF(OR(AU16="sl",AU16="v",AU16="ml",AU16="e",AU16="t",AU16="cl",AU16="cal"),-8,0))))) -> 0 | AW16: =SUMIF(AO$9:AU$9,1,AO16:AU16) -> 0 | AX16: =COUNTIF(AO16:AP16,14)+IF(AND($AQ$9=0,AQ16=14),1,0)+IF(AND($AR$9=0,AR16=14),1,0)+IF(AND($AS$9=0,AS16=14),1,0)+IF(AND($AT$9=0,AT16=14),1,0)+IF(AND($AU$9=0,AU16=14),1,0) -> 0 | AY16: =IF(AND(AZ16<0,BY16>1),0,IF(AND(AO16="",AP16="",AQ16="",AR16="",AS16="",AT16="",AU16=""),0,IF(AND(AO16="",AP16="",AQ16="",AR16="",AS16="",AT16="",AU16=""),0,SUM(AO16:AU16)-40-AW16)+(COUNTIF(AQ16:AU16,"v")*8)+(COUNTIF(AQ16:AU16,"sl")*8)+(COUNTIF(AQ16:AU16,"ml")*8)+(COUNTIF(AQ16:AU16,"t")*8)+(COUNTIF(AQ16:AU16,"cl")*8)+(COUNTIF(AQ16:AU16,"el")*8)+(COUNTIF(AQ16:AU16,"cal")*8)+(COUNTIF(AQ16:AU16,"E")*8)+($AV$9*8))+IF($AQ$9=1,IF(OR(AQ16="sl",AQ16="v",AQ16="ml",AQ16="e",AQ16="t",AQ16="cl",AQ16="cal"),-8,0))+IF($AR$9=1,IF(OR(AR16="sl",AR16="v",AR16="ml",AR16="e",AR16="t",AR16="cl",AR16="cal"),-8,0))+IF($AS$9=1,IF(OR(AS16="sl",AS16="v",AS16="ml",AS16="e",AS16="t",AS16="cl",AS16="cal"),-8,0))+IF($AT$9=1,IF(OR(AT16="sl",AT16="v",AT16="ml",AT16="e",AT16="t",AT16="cl",AT16="cal"),-8,0))+IF($AU$9=1,IF(OR(AU16="sl",AU16="v",AU16="ml",AU16="e",AU16="t",AU16="cl",AU16="cal"),-8,0))) -> 0 | AZ16: =IF(AND(AO16="",AP16="",AQ16="",AR16="",AS16="",AT16="",AU16=""),0,IF(AND(AO16="",AP16="",AQ16="",AR16="",AS16="",AT16="",AU16=""),0,SUM(AO16:AU16)-40-AW16)+(COUNTIF(AQ16:AU16,"v")*8)+(COUNTIF(AQ16:AU16,"sl")*8)+(COUNTIF(AQ16:AU16,"ml")*8)+(COUNTIF(AQ16:AU16,"t")*8)+(COUNTIF(AQ16:AU16,"cl")*8)+(COUNTIF(AQ16:AU16,"el")*8)+(COUNTIF(AQ16:AU16,"cal")*8)+(COUNTIF(AQ16:AU16,"E")*8)+($AV$9*8))+IF($AQ$9=1,IF(OR(AQ16="sl",AQ16="v",AQ16="ml",AQ16="e",AQ16="t",AQ16="cl",AQ16="cal"),-8,0))+IF($AR$9=1,IF(OR(AR16="sl",AR16="v",AR16="ml",AR16="e",AR16="t",AR16="cl",AR16="cal"),-8,0))+IF($AS$9=1,IF(OR(AS16="sl",AS16="v",AS16="ml",AS16="e",AS16="t",AS16="cl",AS16="cal"),-8,0))+IF($AT$9=1,IF(OR(AT16="sl",AT16="v",AT16="ml",AT16="e",AT16="t",AT16="cl",AT16="cal"),-8,0))+IF($AU$9=1,IF(OR(AU16="sl",AU16="v",AU16="ml",AU16="e",AU16="t",AU16="cl",AU16="cal"),-8,0)) -> 0 | BH16: =IF(AND(BK16<0,BJ16>0),0,(IF(AND(BL16<0,BY16>1),0,IF(AND(BA16="",BB16="",BC16="",BD16="",BE16="",BF16="",BG16=""),0,IF(AND(BA16="",BB16="",BC16="",BD16="",BE16="",BF16="",BG16=""),0,SUM(BA16:BG16)-40-BI16)+(COUNTIF(BC16:BG16,"v")*8)+(COUNTIF(BC16:BG16,"sl")*8)+(COUNTIF(BC16:BG16,"ml")*8)+(COUNTIF(BC16:BG16,"t")*8)+(COUNTIF(BC16:BG16,"cl")*8)+(COUNTIF(BC16:BG16,"el")*8)+(COUNTIF(BC16:BG16,"cal")*8)+(COUNTIF(BC16:BG16,"E")*8)+($BH$9*8))+IF($BC$9=1,IF(OR(BC16="sl",BC16="v",BC16="ml",BC16="e",BC16="t",BC16="cl",BC16="cal"),-8,0))+IF($BD$9=1,IF(OR(BD16="sl",BD16="v",BD16="ml",BD16="e",BD16="t",BD16="cl",BD16="cal"),-8,0))+IF($BE$9=1,IF(OR(BE16="sl",BE16="v",BE16="ml",BE16="e",BE16="t",BE16="cl",BE16="cal"),-8,0))+IF($BF$9=1,IF(OR(BF16="sl",BF16="v",BF16="ml",BF16="e",BF16="t",BF16="cl",BF16="cal"),-8,0))+IF($BG$9=1,IF(OR(BG16="sl",BG16="v",BG16="ml",BG16="e",BG16="t",BG16="cl",BG16="cal"),-8,0))))) -> 0 | BI16: =SUMIF(BA$9:BG$9,1,BA16:BG16) -> 0 | BJ16: =COUNTIF(BA16:BB16,14)+IF(AND($BC$9=0,BC16=14),1,0)+IF(AND($BD$9=0,BD16=14),1,0)+IF(AND($BE$9=0,BE16=14),1,0)+IF(AND($BF$9=0,BF16=14),1,0)+IF(AND($BG$9=0,BG16=14),1,0) -> 0 | BK16: =IF(AND(BL16<0,BY16>1),0,IF(AND(BA16="",BB16="",BC16="",BD16="",BE16="",BF16="",BG16=""),0,IF(AND(BA16="",BB16="",BC16="",BD16="",BE16="",BF16="",BG16=""),0,SUM(BA16:BG16)-40-BI16)+(COUNTIF(BC16:BG16,"v")*8)+(COUNTIF(BC16:BG16,"sl")*8)+(COUNTIF(BC16:BG16,"ml")*8)+(COUNTIF(BC16:BG16,"t")*8)+(COUNTIF(BC16:BG16,"cl")*8)+(COUNTIF(BC16:BG16,"el")*8)+(COUNTIF(BC16:BG16,"cal")*8)+(COUNTIF(BC16:BG16,"E")*8)+($BH$9*8))+IF($BC$9=1,IF(OR(BC16="sl",BC16="v",BC16="ml",BC16="e",BC16="t",BC16="cl",BC16="cal"),-8,0))+IF($BD$9=1,IF(OR(BD16="sl",BD16="v",BD16="ml",BD16="e",BD16="t",BD16="cl",BD16="cal"),-8,0))+IF($BE$9=1,IF(OR(BE16="sl",BE16="v",BE16="ml",BE16="e",BE16="t",BE16="cl",BE16="cal"),-8,0))+IF($BF$9=1,IF(OR(BF16="sl",BF16="v",BF16="ml",BF16="e",BF16="t",BF16="cl",BF16="cal"),-8,0))+IF($BG$9=1,IF(OR(BG16="sl",BG16="v",BG16="ml",BG16="e",BG16="t",BG16="cl",BG16="cal"),-8,0))) -> 0 | BL16: =IF(AND(BA16="",BB16="",BC16="",BD16="",BE16="",BF16="",BG16=""),0,IF(AND(BA16="",BB16="",BC16="",BD16="",BE16="",BF16="",BG16=""),0,SUM(BA16:BG16)-40-BI16)+(COUNTIF(BC16:BG16,"v")*8)+(COUNTIF(BC16:BG16,"sl")*8)+(COUNTIF(BC16:BG16,"ml")*8)+(COUNTIF(BC16:BG16,"t")*8)+(COUNTIF(BC16:BG16,"cl")*8)+(COUNTIF(BC16:BG16,"el")*8)+(COUNTIF(BC16:BG16,"cal")*8)+(COUNTIF(BC16:BG16,"E")*8)+($BH$9*8))+IF($BC$9=1,IF(OR(BC16="sl",BC16="v",BC16="ml",BC16="e",BC16="t",BC16="cl",BC16="cal"),-8,0))+IF($BD$9=1,IF(OR(BD16="sl",BD16="v",BD16="ml",BD16="e",BD16="t",BD16="cl",BD16="cal"),-8,0))+IF($BE$9=1,IF(OR(BE16="sl",BE16="v",BE16="ml",BE16="e",BE16="t",BE16="cl",BE16="cal"),-8,0))+IF($BF$9=1,IF(OR(BF16="sl",BF16="v",BF16="ml",BF16="e",BF16="t",BF16="cl",BF16="cal"),-8,0))+IF($BG$9=1,IF(OR(BG16="sl",BG16="v",BG16="ml",BG16="e",BG16="t",BG16="cl",BG16="cal"),-8,0)) -> 0 | BT16: =IF(AND(BW16<0,BV16>0),0,(IF(AND(BX16<0,BY16>1),0,IF(AND(BM16="",BN16="",BO16="",BP16="",BQ16="",BR16="",BS16=""),0,IF(AND(BM16="",BN16="",BO16="",BP16="",BQ16="",BR16="",BS16=""),0,SUM(BM16:BS16)-40-BU16)+(COUNTIF(BO16:BS16,"v")*8)+(COUNTIF(BO16:BS16,"sl")*8)+(COUNTIF(BO16:BS16,"ml")*8)+(COUNTIF(BO16:BS16,"t")*8)+(COUNTIF(BO16:BS16,"cl")*8)+(COUNTIF(BO16:BS16,"el")*8)+(COUNTIF(BO16:BS16,"cal")*8)+(COUNTIF(BO16:BS16,"E")*8)+($BT$9*8))+IF($BO$9=1,IF(OR(BO16="sl",BO16="v",BO16="ml",BO16="e",BO16="t",BO16="cl",BO16="cal"),-8,0))+IF($BP$9=1,IF(OR(BP16="sl",BP16="v",BP16="ml",BP16="e",BP16="t",BP16="cl",BP16="cal"),-8,0))+IF($BQ$9=1,IF(OR(BQ16="sl",BQ16="v",BQ16="ml",BQ16="e",BQ16="t",BQ16="cl",BQ16="cal"),-8,0))+IF($BR$9=1,IF(OR(BR16="sl",BR16="v",BR16="ml",BR16="e",BR16="t",BR16="cl",BR16="cal"),-8,0))+IF($BS$9=1,IF(OR(BS16="sl",BS16="v",BS16="ml",BS16="e",BS16="t",BS16="cl",BS16="cal"),-8,0))))) -> 0 | BU16: =SUMIF(BM$9:BS$9,1,BM16:BS16) -> 0 | BV16: =COUNTIF(BM16:BN16,14)+IF(AND($BO$9=0,BO16=14),1,0)+IF(AND($BP$9=0,BP16=14),1,0)+IF(AND($BQ$9=0,BQ16=14),1,0)+IF(AND($BR$9=0,BR16=14),1,0)+IF(AND($BS$9=0,BS16=14),1,0) -> 0 | BW16: =IF(AND(BX16<0,BY16>1),0,IF(AND(BM16="",BN16="",BO16="",BP16="",BQ16="",BR16="",BS16=""),0,IF(AND(BM16="",BN16="",BO16="",BP16="",BQ16="",BR16="",BS16=""),0,SUM(BM16:BS16)-40-BU16)+(COUNTIF(BO16:BS16,"v")*8)+(COUNTIF(BO16:BS16,"sl")*8)+(COUNTIF(BO16:BS16,"ml")*8)+(COUNTIF(BO16:BS16,"t")*8)+(COUNTIF(BO16:BS16,"cl")*8)+(COUNTIF(BO16:BS16,"el")*8)+(COUNTIF(BO16:BS16,"cal")*8)+(COUNTIF(BO16:BS16,"E")*8)+($BT$9*8))+IF($BO$9=1,IF(OR(BO16="sl",BO16="v",BO16="ml",BO16="e",BO16="t",BO16="cl",BO16="cal"),-8,0))+IF($BP$9=1,IF(OR(BP16="sl",BP16="v",BP16="ml",BP16="e",BP16="t",BP16="cl",BP16="cal"),-8,0))+IF($BQ$9=1,IF(OR(BQ16="sl",BQ16="v",BQ16="ml",BQ16="e",BQ16="t",BQ16="cl",BQ16="cal"),-8,0))+IF($BR$9=1,IF(OR(BR16="sl",BR16="v",BR16="ml",BR16="e",BR16="t",BR16="cl",BR16="cal"),-8,0))+IF($BS$9=1,IF(OR(BS16="sl",BS16="v",BS16="ml",BS16="e",BS16="t",BS16="cl",BS16="cal"),-8,0))) -> 0 | BX16: =IF(AND(BM16="",BN16="",BO16="",BP16="",BQ16="",BR16="",BS16=""),0,IF(AND(BM16="",BN16="",BO16="",BP16="",BQ16="",BR16="",BS16=""),0,SUM(BM16:BS16)-40-BU16)+(COUNTIF(BO16:BS16,"v")*8)+(COUNTIF(BO16:BS16,"sl")*8)+(COUNTIF(BO16:BS16,"ml")*8)+(COUNTIF(BO16:BS16,"t")*8)+(COUNTIF(BO16:BS16,"cl")*8)+(COUNTIF(BO16:BS16,"el")*8)+(COUNTIF(BO16:BS16,"cal")*8)+(COUNTIF(BO16:BS16,"E")*8)+($BT$9*8))+IF($BO$9=1,IF(OR(BO16="sl",BO16="v",BO16="ml",BO16="e",BO16="t",BO16="cl",BO16="cal"),-8,0))+IF($BP$9=1,IF(OR(BP16="sl",BP16="v",BP16="ml",BP16="e",BP16="t",BP16="cl",BP16="cal"),-8,0))+IF($BQ$9=1,IF(OR(BQ16="sl",BQ16="v",BQ16="ml",BQ16="e",BQ16="t",BQ16="cl",BQ16="cal"),-8,0))+IF($BR$9=1,IF(OR(BR16="sl",BR16="v",BR16="ml",BR16="e",BR16="t",BR16="cl",BR16="cal"),-8,0))+IF($BS$9=1,IF(OR(BS16="sl",BS16="v",BS16="ml",BS16="e",BS16="t",BS16="cl",BS16="cal"),-8,0)) -> 0 | BY16: =SUM(N16,Z16,AL16,AX16,BJ16,BV16) -> 2 | BZ16: =IF(SUM(AV16,BH16,AJ16,X16,L16,BT16)<0,0,SUM(AV16,BH16,AJ16,X16,L16,BT16)) -> 42 | CA16: =SUM(AW16,BI16,AK16,Y16,M16,BU16) -> 0 | CB16: =(BZ16*CC16)+(CA16*CD16) -> 71574.505 | CC16: =D16*12/2080*1.5 -> 1704.1549 | CD16: =D16*12/2080*2 -> 2272.2065
B17: 3 | C17: 18004133 | D17: =IF(C17="",0,VLOOKUP(C17,Conf!A:D,4,FALSE)) -> 170107.78 | E17: 10 | F17: 7 | G17: 10 | H17: 10 | I17: 10 | J17: 10 | K17: 10 | L17: =IF(AND(O17<0,N17>0),0,(IF(AND(P17<0,BY17>1),0,IF(AND(E17="",F17="",G17="",H17="",I17="",J17="",K17=""),0,IF(AND(E17="",F17="",G17="",H17="",I17="",J17="",K17=""),0,SUM(E17:K17)-40-M17)+(COUNTIF(G17:K17,"v")*8)+(COUNTIF(G17:K17,"sl")*8)+(COUNTIF(G17:K17,"ml")*8)+(COUNTIF(G17:K17,"t")*8)+(COUNTIF(G17:K17,"cl")*8)+(COUNTIF(G17:K17,"el")*8)+(COUNTIF(G17:K17,"cal")*8)+(COUNTIF(G17:K17,"E")*8)+($L$9*8))+IF($G$9=1,IF(OR(G17="sl",G17="v",G17="ml",G17="e",G17="t",G17="cl",G17="cal"),-8,0))+IF($H$9=1,IF(OR(H17="sl",H17="v",H17="ml",H17="e",H17="t",H17="cl",H17="cal"),-8,0))+IF($I$9=1,IF(OR(I17="sl",I17="v",I17="ml",I17="e",I17="t",I17="cl",I17="cal"),-8,0))+IF($J$9=1,IF(OR(J17="sl",J17="v",J17="ml",J17="e",J17="t",J17="cl",J17="cal"),-8,0))+IF($K$9=1,IF(OR(K17="sl",K17="v",K17="ml",K17="e",K17="t",K17="cl",K17="cal"),-8,0))))) -> 27 | M17: =SUMIF(E$9:K$9,1,E17:K17) -> 0 | N17: =COUNTIF(E17:F17,14)+IF(AND($G$9=0,G17=14),1,0)+IF(AND($H$9=0,H17=14),1,0)+IF(AND($I$9=0,I17=14),1,0)+IF(AND($J$9=0,J17=14),1,0)+IF(AND($K$9=0,K17=14),1,0) -> 0 | O17: =IF(AND(P17<0,BY17>1),0,IF(AND(E17="",F17="",G17="",H17="",I17="",J17="",K17=""),0,IF(AND(E17="",F17="",G17="",H17="",I17="",J17="",K17=""),0,SUM(E17:K17)-40-M17)+(COUNTIF(G17:K17,"v")*8)+(COUNTIF(G17:K17,"sl")*8)+(COUNTIF(G17:K17,"ml")*8)+(COUNTIF(G17:K17,"t")*8)+(COUNTIF(G17:K17,"cl")*8)+(COUNTIF(G17:K17,"el")*8)+(COUNTIF(G17:K17,"cal")*8)+(COUNTIF(G17:K17,"E")*8)+($L$9*8))+IF($G$9=1,IF(OR(G17="sl",G17="v",G17="ml",G17="e",G17="t",G17="cl",G17="cal"),-8,0))+IF($H$9=1,IF(OR(H17="sl",H17="v",H17="ml",H17="e",H17="t",H17="cl",H17="cal"),-8,0))+IF($I$9=1,IF(OR(I17="sl",I17="v",I17="ml",I17="e",I17="t",I17="cl",I17="cal"),-8,0))+IF($J$9=1,IF(OR(J17="sl",J17="v",J17="ml",J17="e",J17="t",J17="cl",J17="cal"),-8,0))+IF($K$9=1,IF(OR(K17="sl",K17="v",K17="ml",K17="e",K17="t",K17="cl",K17="cal"),-8,0))) -> 27 | P17: =IF(AND(E17="",F17="",G17="",H17="",I17="",J17="",K17=""),0,IF(AND(E17="",F17="",G17="",H17="",I17="",J17="",K17=""),0,SUM(E17:K17)-40-M17)+(COUNTIF(G17:K17,"v")*8)+(COUNTIF(G17:K17,"sl")*8)+(COUNTIF(G17:K17,"ml")*8)+(COUNTIF(G17:K17,"t")*8)+(COUNTIF(G17:K17,"cl")*8)+(COUNTIF(G17:K17,"el")*8)+(COUNTIF(G17:K17,"cal")*8)+(COUNTIF(G17:K17,"E")*8)+($L$9*8))+IF($G$9=1,IF(OR(G17="sl",G17="v",G17="ml",G17="e",G17="t",G17="cl",G17="cal"),-8,0))+IF($H$9=1,IF(OR(H17="sl",H17="v",H17="ml",H17="e",H17="t",H17="cl",H17="cal"),-8,0))+IF($I$9=1,IF(OR(I17="sl",I17="v",I17="ml",I17="e",I17="t",I17="cl",I17="cal"),-8,0))+IF($J$9=1,IF(OR(J17="sl",J17="v",J17="ml",J17="e",J17="t",J17="cl",J17="cal"),-8,0))+IF($K$9=1,IF(OR(K17="sl",K17="v",K17="ml",K17="e",K17="t",K17="cl",K17="cal"),-8,0)) -> 27 | Q17: 10 | R17: 7 | S17: 7 | T17: 7 | U17: 10 | V17: 0 | W17: 14 | X17: =IF(AND(AA17<0,Z17>0),0,(IF(AND(AB17<0,BY17>1),0,IF(AND(Q17="",R17="",S17="",T17="",U17="",V17="",W17=""),0,IF(AND(Q17="",R17="",S17="",T17="",U17="",V17="",W17=""),0,SUM(Q17:W17)-40-Y17)+(COUNTIF(S17:W17,"v")*8)+(COUNTIF(S17:W17,"sl")*8)+(COUNTIF(S17:W17,"ml")*8)+(COUNTIF(S17:W17,"t")*8)+(COUNTIF(S17:W17,"cl")*8)+(COUNTIF(S17:W17,"el")*8)+(COUNTIF(S17:W17,"cal")*8)+(COUNTIF(S17:W17,"E")*8)+($X$9*8))+IF($S$9=1,IF(OR(S17="sl",S17="v",S17="ml",S17="e",S17="t",S17="cl",S17="cal"),-8,0))+IF($T$9=1,IF(OR(T17="sl",T17="v",T17="ml",T17="e",T17="t",T17="cl",T17="cal"),-8,0))+IF($U$9=1,IF(OR(U17="sl",U17="v",U17="ml",U17="e",U17="t",U17="cl",U17="cal"),-8,0))+IF($V$9=1,IF(OR(V17="sl",V17="v",V17="ml",V17="e",V17="t",V17="cl",V17="cal"),-8,0))+IF($W$9=1,IF(OR(W17="sl",W17="v",W17="ml",W17="e",W17="t",W17="cl",W17="cal"),-8,0))))) -> 15 | Y17: =SUMIF(Q$9:W$9,1,Q17:W17) -> 0 | Z17: =COUNTIF(Q17:R17,14)+IF(AND($S$9=0,S17=14),1,0)+IF(AND($T$9=0,T17=14),1,0)+IF(AND($U$9=0,U17=14),1,0)+IF(AND($V$9=0,V17=14),1,0)+IF(AND($W$9=0,W17=14),1,0) -> 1 | AA17: =IF(AND(AB17<0,BY17>1),0,IF(AND(Q17="",R17="",S17="",T17="",U17="",V17="",W17=""),0,IF(AND(Q17="",R17="",S17="",T17="",U17="",V17="",W17=""),0,SUM(Q17:W17)-40-Y17)+(COUNTIF(S17:W17,"v")*8)+(COUNTIF(S17:W17,"sl")*8)+(COUNTIF(S17:W17,"ml")*8)+(COUNTIF(S17:W17,"t")*8)+(COUNTIF(S17:W17,"cl")*8)+(COUNTIF(S17:W17,"el")*8)+(COUNTIF(S17:W17,"cal")*8)+(COUNTIF(S17:W17,"E")*8)+($X$9*8))+IF($S$9=1,IF(OR(S17="sl",S17="v",S17="ml",S17="e",S17="t",S17="cl",S17="cal"),-8,0))+IF($T$9=1,IF(OR(T17="sl",T17="v",T17="ml",T17="e",T17="t",T17="cl",T17="cal"),-8,0))+IF($U$9=1,IF(OR(U17="sl",U17="v",U17="ml",U17="e",U17="t",U17="cl",U17="cal"),-8,0))+IF($V$9=1,IF(OR(V17="sl",V17="v",V17="ml",V17="e",V17="t",V17="cl",V17="cal"),-8,0))+IF($W$9=1,IF(OR(W17="sl",W17="v",W17="ml",W17="e",W17="t",W17="cl",W17="cal"),-8,0))) -> 15 | AB17: =IF(AND(Q17="",R17="",S17="",T17="",U17="",V17="",W17=""),0,IF(AND(Q17="",R17="",S17="",T17="",U17="",V17="",W17=""),0,SUM(Q17:W17)-40-Y17)+(COUNTIF(S17:W17,"v")*8)+(COUNTIF(S17:W17,"sl")*8)+(COUNTIF(S17:W17,"ml")*8)+(COUNTIF(S17:W17,"t")*8)+(COUNTIF(S17:W17,"cl")*8)+(COUNTIF(S17:W17,"el")*8)+(COUNTIF(S17:W17,"cal")*8)+(COUNTIF(S17:W17,"E")*8)+($X$9*8))+IF($S$9=1,IF(OR(S17="sl",S17="v",S17="ml",S17="e",S17="t",S17="cl",S17="cal"),-8,0))+IF($T$9=1,IF(OR(T17="sl",T17="v",T17="ml",T17="e",T17="t",T17="cl",T17="cal"),-8,0))+IF($U$9=1,IF(OR(U17="sl",U17="v",U17="ml",U17="e",U17="t",U17="cl",U17="cal"),-8,0))+IF($V$9=1,IF(OR(V17="sl",V17="v",V17="ml",V17="e",V17="t",V17="cl",V17="cal"),-8,0))+IF($W$9=1,IF(OR(W17="sl",W17="v",W17="ml",W17="e",W17="t",W17="cl",W17="cal"),-8,0)) -> 15 | AC17: 10 | AD17: 0 | AE17: 14 | AF17: 10 | AG17: 0 | AH17: 14 | AI17: 10 | AJ17: =IF(AND(AM17<0,AL17>0),0,(IF(AND(AN17<0,BY17>1),0,IF(AND(AC17="",AD17="",AE17="",AF17="",AG17="",AH17="",AI17=""),0,IF(AND(AC17="",AD17="",AE17="",AF17="",AG17="",AH17="",AI17=""),0,SUM(AC17:AI17)-40-AK17)+(COUNTIF(AE17:AI17,"v")*8)+(COUNTIF(AE17:AI17,"sl")*8)+(COUNTIF(AE17:AI17,"ml")*8)+(COUNTIF(AE17:AI17,"t")*8)+(COUNTIF(AE17:AI17,"cl")*8)+(COUNTIF(AE17:AI17,"el")*8)+(COUNTIF(AE17:AI17,"cal")*8)+(COUNTIF(AE17:AI17,"E")*8)+($AJ$9*8))+IF($AE$9=1,IF(OR(AE17="sl",AE17="v",AE17="ml",AE17="e",AE17="t",AE17="cl",AE17="cal"),-8,0))+IF($AF$9=1,IF(OR(AF17="sl",AF17="v",AF17="ml",AF17="e",AF17="t",AF17="cl",AF17="cal"),-8,0))+IF($AG$9=1,IF(OR(AG17="sl",AG17="v",AG17="ml",AG17="e",AG17="t",AG17="cl",AG17="cal"),-8,0))+IF($AH$9=1,IF(OR(AH17="sl",AH17="v",AH17="ml",AH17="e",AH17="t",AH17="cl",AH17="cal"),-8,0))+IF($AI$9=1,IF(OR(AI17="sl",AI17="v",AI17="ml",AI17="e",AI17="t",AI17="cl",AI17="cal"),-8,0))))) -> 18 | AK17: =SUMIF(AC$9:AI$9,1,AC17:AI17) -> 0 | AL17: =COUNTIF(AC17:AD17,14)+IF(AND($AE$9=0,AE17=14),1,0)+IF(AND($AF$9=0,AF17=14),1,0)+IF(AND($AG$9=0,AG17=14),1,0)+IF(AND($AH$9=0,AH17=14),1,0)+IF(AND($AI$9=0,AI17=14),1,0) -> 2 | AM17: =IF(AND(AN17<0,BY17>1),0,IF(AND(AC17="",AD17="",AE17="",AF17="",AG17="",AH17="",AI17=""),0,IF(AND(AC17="",AD17="",AE17="",AF17="",AG17="",AH17="",AI17=""),0,SUM(AC17:AI17)-40-AK17)+(COUNTIF(AE17:AI17,"v")*8)+(COUNTIF(AE17:AI17,"sl")*8)+(COUNTIF(AE17:AI17,"ml")*8)+(COUNTIF(AE17:AI17,"t")*8)+(COUNTIF(AE17:AI17,"cl")*8)+(COUNTIF(AE17:AI17,"el")*8)+(COUNTIF(AE17:AI17,"cal")*8)+(COUNTIF(AE17:AI17,"E")*8)+($AJ$9*8))+IF($AE$9=1,IF(OR(AE17="sl",AE17="v",AE17="ml",AE17="e",AE17="t",AE17="cl",AE17="cal"),-8,0))+IF($AF$9=1,IF(OR(AF17="sl",AF17="v",AF17="ml",AF17="e",AF17="t",AF17="cl",AF17="cal"),-8,0))+IF($AG$9=1,IF(OR(AG17="sl",AG17="v",AG17="ml",AG17="e",AG17="t",AG17="cl",AG17="cal"),-8,0))+IF($AH$9=1,IF(OR(AH17="sl",AH17="v",AH17="ml",AH17="e",AH17="t",AH17="cl",AH17="cal"),-8,0))+IF($AI$9=1,IF(OR(AI17="sl",AI17="v",AI17="ml",AI17="e",AI17="t",AI17="cl",AI17="cal"),-8,0))) -> 18 | AN17: =IF(AND(AC17="",AD17="",AE17="",AF17="",AG17="",AH17="",AI17=""),0,IF(AND(AC17="",AD17="",AE17="",AF17="",AG17="",AH17="",AI17=""),0,SUM(AC17:AI17)-40-AK17)+(COUNTIF(AE17:AI17,"v")*8)+(COUNTIF(AE17:AI17,"sl")*8)+(COUNTIF(AE17:AI17,"ml")*8)+(COUNTIF(AE17:AI17,"t")*8)+(COUNTIF(AE17:AI17,"cl")*8)+(COUNTIF(AE17:AI17,"el")*8)+(COUNTIF(AE17:AI17,"cal")*8)+(COUNTIF(AE17:AI17,"E")*8)+($AJ$9*8))+IF($AE$9=1,IF(OR(AE17="sl",AE17="v",AE17="ml",AE17="e",AE17="t",AE17="cl",AE17="cal"),-8,0))+IF($AF$9=1,IF(OR(AF17="sl",AF17="v",AF17="ml",AF17="e",AF17="t",AF17="cl",AF17="cal"),-8,0))+IF($AG$9=1,IF(OR(AG17="sl",AG17="v",AG17="ml",AG17="e",AG17="t",AG17="cl",AG17="cal"),-8,0))+IF($AH$9=1,IF(OR(AH17="sl",AH17="v",AH17="ml",AH17="e",AH17="t",AH17="cl",AH17="cal"),-8,0))+IF($AI$9=1,IF(OR(AI17="sl",AI17="v",AI17="ml",AI17="e",AI17="t",AI17="cl",AI17="cal"),-8,0)) -> 18 | AO17: 0 | AP17: 14 | AQ17: 7 | AR17: 7 | AS17: 7 | AT17: 10 | AU17: 10 | AV17: =IF(AND(AY17<0,AX17>0),0,(IF(AND(AZ17<0,BY17>1),0,IF(AND(AO17="",AP17="",AQ17="",AR17="",AS17="",AT17="",AU17=""),0,IF(AND(AO17="",AP17="",AQ17="",AR17="",AS17="",AT17="",AU17=""),0,SUM(AO17:AU17)-40-AW17)+(COUNTIF(AQ17:AU17,"v")*8)+(COUNTIF(AQ17:AU17,"sl")*8)+(COUNTIF(AQ17:AU17,"ml")*8)+(COUNTIF(AQ17:AU17,"t")*8)+(COUNTIF(AQ17:AU17,"cl")*8)+(COUNTIF(AQ17:AU17,"el")*8)+(COUNTIF(AQ17:AU17,"cal")*8)+(COUNTIF(AQ17:AU17,"E")*8)+($AV$9*8))+IF($AQ$9=1,IF(OR(AQ17="sl",AQ17="v",AQ17="ml",AQ17="e",AQ17="t",AQ17="cl",AQ17="cal"),-8,0))+IF($AR$9=1,IF(OR(AR17="sl",AR17="v",AR17="ml",AR17="e",AR17="t",AR17="cl",AR17="cal"),-8,0))+IF($AS$9=1,IF(OR(AS17="sl",AS17="v",AS17="ml",AS17="e",AS17="t",AS17="cl",AS17="cal"),-8,0))+IF($AT$9=1,IF(OR(AT17="sl",AT17="v",AT17="ml",AT17="e",AT17="t",AT17="cl",AT17="cal"),-8,0))+IF($AU$9=1,IF(OR(AU17="sl",AU17="v",AU17="ml",AU17="e",AU17="t",AU17="cl",AU17="cal"),-8,0))))) -> 15 | AW17: =SUMIF(AO$9:AU$9,1,AO17:AU17) -> 0 | AX17: =COUNTIF(AO17:AP17,14)+IF(AND($AQ$9=0,AQ17=14),1,0)+IF(AND($AR$9=0,AR17=14),1,0)+IF(AND($AS$9=0,AS17=14),1,0)+IF(AND($AT$9=0,AT17=14),1,0)+IF(AND($AU$9=0,AU17=14),1,0) -> 1 | AY17: =IF(AND(AZ17<0,BY17>1),0,IF(AND(AO17="",AP17="",AQ17="",AR17="",AS17="",AT17="",AU17=""),0,IF(AND(AO17="",AP17="",AQ17="",AR17="",AS17="",AT17="",AU17=""),0,SUM(AO17:AU17)-40-AW17)+(COUNTIF(AQ17:AU17,"v")*8)+(COUNTIF(AQ17:AU17,"sl")*8)+(COUNTIF(AQ17:AU17,"ml")*8)+(COUNTIF(AQ17:AU17,"t")*8)+(COUNTIF(AQ17:AU17,"cl")*8)+(COUNTIF(AQ17:AU17,"el")*8)+(COUNTIF(AQ17:AU17,"cal")*8)+(COUNTIF(AQ17:AU17,"E")*8)+($AV$9*8))+IF($AQ$9=1,IF(OR(AQ17="sl",AQ17="v",AQ17="ml",AQ17="e",AQ17="t",AQ17="cl",AQ17="cal"),-8,0))+IF($AR$9=1,IF(OR(AR17="sl",AR17="v",AR17="ml",AR17="e",AR17="t",AR17="cl",AR17="cal"),-8,0))+IF($AS$9=1,IF(OR(AS17="sl",AS17="v",AS17="ml",AS17="e",AS17="t",AS17="cl",AS17="cal"),-8,0))+IF($AT$9=1,IF(OR(AT17="sl",AT17="v",AT17="ml",AT17="e",AT17="t",AT17="cl",AT17="cal"),-8,0))+IF($AU$9=1,IF(OR(AU17="sl",AU17="v",AU17="ml",AU17="e",AU17="t",AU17="cl",AU17="cal"),-8,0))) -> 15 | AZ17: =IF(AND(AO17="",AP17="",AQ17="",AR17="",AS17="",AT17="",AU17=""),0,IF(AND(AO17="",AP17="",AQ17="",AR17="",AS17="",AT17="",AU17=""),0,SUM(AO17:AU17)-40-AW17)+(COUNTIF(AQ17:AU17,"v")*8)+(COUNTIF(AQ17:AU17,"sl")*8)+(COUNTIF(AQ17:AU17,"ml")*8)+(COUNTIF(AQ17:AU17,"t")*8)+(COUNTIF(AQ17:AU17,"cl")*8)+(COUNTIF(AQ17:AU17,"el")*8)+(COUNTIF(AQ17:AU17,"cal")*8)+(COUNTIF(AQ17:AU17,"E")*8)+($AV$9*8))+IF($AQ$9=1,IF(OR(AQ17="sl",AQ17="v",AQ17="ml",AQ17="e",AQ17="t",AQ17="cl",AQ17="cal"),-8,0))+IF($AR$9=1,IF(OR(AR17="sl",AR17="v",AR17="ml",AR17="e",AR17="t",AR17="cl",AR17="cal"),-8,0))+IF($AS$9=1,IF(OR(AS17="sl",AS17="v",AS17="ml",AS17="e",AS17="t",AS17="cl",AS17="cal"),-8,0))+IF($AT$9=1,IF(OR(AT17="sl",AT17="v",AT17="ml",AT17="e",AT17="t",AT17="cl",AT17="cal"),-8,0))+IF($AU$9=1,IF(OR(AU17="sl",AU17="v",AU17="ml",AU17="e",AU17="t",AU17="cl",AU17="cal"),-8,0)) -> 15 | BH17: =IF(AND(BK17<0,BJ17>0),0,(IF(AND(BL17<0,BY17>1),0,IF(AND(BA17="",BB17="",BC17="",BD17="",BE17="",BF17="",BG17=""),0,IF(AND(BA17="",BB17="",BC17="",BD17="",BE17="",BF17="",BG17=""),0,SUM(BA17:BG17)-40-BI17)+(COUNTIF(BC17:BG17,"v")*8)+(COUNTIF(BC17:BG17,"sl")*8)+(COUNTIF(BC17:BG17,"ml")*8)+(COUNTIF(BC17:BG17,"t")*8)+(COUNTIF(BC17:BG17,"cl")*8)+(COUNTIF(BC17:BG17,"el")*8)+(COUNTIF(BC17:BG17,"cal")*8)+(COUNTIF(BC17:BG17,"E")*8)+($BH$9*8))+IF($BC$9=1,IF(OR(BC17="sl",BC17="v",BC17="ml",BC17="e",BC17="t",BC17="cl",BC17="cal"),-8,0))+IF($BD$9=1,IF(OR(BD17="sl",BD17="v",BD17="ml",BD17="e",BD17="t",BD17="cl",BD17="cal"),-8,0))+IF($BE$9=1,IF(OR(BE17="sl",BE17="v",BE17="ml",BE17="e",BE17="t",BE17="cl",BE17="cal"),-8,0))+IF($BF$9=1,IF(OR(BF17="sl",BF17="v",BF17="ml",BF17="e",BF17="t",BF17="cl",BF17="cal"),-8,0))+IF($BG$9=1,IF(OR(BG17="sl",BG17="v",BG17="ml",BG17="e",BG17="t",BG17="cl",BG17="cal"),-8,0))))) -> 0 | BI17: =SUMIF(BA$9:BG$9,1,BA17:BG17) -> 0 | BJ17: =COUNTIF(BA17:BB17,14)+IF(AND($BC$9=0,BC17=14),1,0)+IF(AND($BD$9=0,BD17=14),1,0)+IF(AND($BE$9=0,BE17=14),1,0)+IF(AND($BF$9=0,BF17=14),1,0)+IF(AND($BG$9=0,BG17=14),1,0) -> 0 | BK17: =IF(AND(BL17<0,BY17>1),0,IF(AND(BA17="",BB17="",BC17="",BD17="",BE17="",BF17="",BG17=""),0,IF(AND(BA17="",BB17="",BC17="",BD17="",BE17="",BF17="",BG17=""),0,SUM(BA17:BG17)-40-BI17)+(COUNTIF(BC17:BG17,"v")*8)+(COUNTIF(BC17:BG17,"sl")*8)+(COUNTIF(BC17:BG17,"ml")*8)+(COUNTIF(BC17:BG17,"t")*8)+(COUNTIF(BC17:BG17,"cl")*8)+(COUNTIF(BC17:BG17,"el")*8)+(COUNTIF(BC17:BG17,"cal")*8)+(COUNTIF(BC17:BG17,"E")*8)+($BH$9*8))+IF($BC$9=1,IF(OR(BC17="sl",BC17="v",BC17="ml",BC17="e",BC17="t",BC17="cl",BC17="cal"),-8,0))+IF($BD$9=1,IF(OR(BD17="sl",BD17="v",BD17="ml",BD17="e",BD17="t",BD17="cl",BD17="cal"),-8,0))+IF($BE$9=1,IF(OR(BE17="sl",BE17="v",BE17="ml",BE17="e",BE17="t",BE17="cl",BE17="cal"),-8,0))+IF($BF$9=1,IF(OR(BF17="sl",BF17="v",BF17="ml",BF17="e",BF17="t",BF17="cl",BF17="cal"),-8,0))+IF($BG$9=1,IF(OR(BG17="sl",BG17="v",BG17="ml",BG17="e",BG17="t",BG17="cl",BG17="cal"),-8,0))) -> 0 | BL17: =IF(AND(BA17="",BB17="",BC17="",BD17="",BE17="",BF17="",BG17=""),0,IF(AND(BA17="",BB17="",BC17="",BD17="",BE17="",BF17="",BG17=""),0,SUM(BA17:BG17)-40-BI17)+(COUNTIF(BC17:BG17,"v")*8)+(COUNTIF(BC17:BG17,"sl")*8)+(COUNTIF(BC17:BG17,"ml")*8)+(COUNTIF(BC17:BG17,"t")*8)+(COUNTIF(BC17:BG17,"cl")*8)+(COUNTIF(BC17:BG17,"el")*8)+(COUNTIF(BC17:BG17,"cal")*8)+(COUNTIF(BC17:BG17,"E")*8)+($BH$9*8))+IF($BC$9=1,IF(OR(BC17="sl",BC17="v",BC17="ml",BC17="e",BC17="t",BC17="cl",BC17="cal"),-8,0))+IF($BD$9=1,IF(OR(BD17="sl",BD17="v",BD17="ml",BD17="e",BD17="t",BD17="cl",BD17="cal"),-8,0))+IF($BE$9=1,IF(OR(BE17="sl",BE17="v",BE17="ml",BE17="e",BE17="t",BE17="cl",BE17="cal"),-8,0))+IF($BF$9=1,IF(OR(BF17="sl",BF17="v",BF17="ml",BF17="e",BF17="t",BF17="cl",BF17="cal"),-8,0))+IF($BG$9=1,IF(OR(BG17="sl",BG17="v",BG17="ml",BG17="e",BG17="t",BG17="cl",BG17="cal"),-8,0)) -> 0 | BT17: =IF(AND(BW17<0,BV17>0),0,(IF(AND(BX17<0,BY17>1),0,IF(AND(BM17="",BN17="",BO17="",BP17="",BQ17="",BR17="",BS17=""),0,IF(AND(BM17="",BN17="",BO17="",BP17="",BQ17="",BR17="",BS17=""),0,SUM(BM17:BS17)-40-BU17)+(COUNTIF(BO17:BS17,"v")*8)+(COUNTIF(BO17:BS17,"sl")*8)+(COUNTIF(BO17:BS17,"ml")*8)+(COUNTIF(BO17:BS17,"t")*8)+(COUNTIF(BO17:BS17,"cl")*8)+(COUNTIF(BO17:BS17,"el")*8)+(COUNTIF(BO17:BS17,"cal")*8)+(COUNTIF(BO17:BS17,"E")*8)+($BT$9*8))+IF($BO$9=1,IF(OR(BO17="sl",BO17="v",BO17="ml",BO17="e",BO17="t",BO17="cl",BO17="cal"),-8,0))+IF($BP$9=1,IF(OR(BP17="sl",BP17="v",BP17="ml",BP17="e",BP17="t",BP17="cl",BP17="cal"),-8,0))+IF($BQ$9=1,IF(OR(BQ17="sl",BQ17="v",BQ17="ml",BQ17="e",BQ17="t",BQ17="cl",BQ17="cal"),-8,0))+IF($BR$9=1,IF(OR(BR17="sl",BR17="v",BR17="ml",BR17="e",BR17="t",BR17="cl",BR17="cal"),-8,0))+IF($BS$9=1,IF(OR(BS17="sl",BS17="v",BS17="ml",BS17="e",BS17="t",BS17="cl",BS17="cal"),-8,0))))) -> 0 | BU17: =SUMIF(BM$9:BS$9,1,BM17:BS17) -> 0 | BV17: =COUNTIF(BM17:BN17,14)+IF(AND($BO$9=0,BO17=14),1,0)+IF(AND($BP$9=0,BP17=14),1,0)+IF(AND($BQ$9=0,BQ17=14),1,0)+IF(AND($BR$9=0,BR17=14),1,0)+IF(AND($BS$9=0,BS17=14),1,0) -> 0 | BW17: =IF(AND(BX17<0,BY17>1),0,IF(AND(BM17="",BN17="",BO17="",BP17="",BQ17="",BR17="",BS17=""),0,IF(AND(BM17="",BN17="",BO17="",BP17="",BQ17="",BR17="",BS17=""),0,SUM(BM17:BS17)-40-BU17)+(COUNTIF(BO17:BS17,"v")*8)+(COUNTIF(BO17:BS17,"sl")*8)+(COUNTIF(BO17:BS17,"ml")*8)+(COUNTIF(BO17:BS17,"t")*8)+(COUNTIF(BO17:BS17,"cl")*8)+(COUNTIF(BO17:BS17,"el")*8)+(COUNTIF(BO17:BS17,"cal")*8)+(COUNTIF(BO17:BS17,"E")*8)+($BT$9*8))+IF($BO$9=1,IF(OR(BO17="sl",BO17="v",BO17="ml",BO17="e",BO17="t",BO17="cl",BO17="cal"),-8,0))+IF($BP$9=1,IF(OR(BP17="sl",BP17="v",BP17="ml",BP17="e",BP17="t",BP17="cl",BP17="cal"),-8,0))+IF($BQ$9=1,IF(OR(BQ17="sl",BQ17="v",BQ17="ml",BQ17="e",BQ17="t",BQ17="cl",BQ17="cal"),-8,0))+IF($BR$9=1,IF(OR(BR17="sl",BR17="v",BR17="ml",BR17="e",BR17="t",BR17="cl",BR17="cal"),-8,0))+IF($BS$9=1,IF(OR(BS17="sl",BS17="v",BS17="ml",BS17="e",BS17="t",BS17="cl",BS17="cal"),-8,0))) -> 0 | BX17: =IF(AND(BM17="",BN17="",BO17="",BP17="",BQ17="",BR17="",BS17=""),0,IF(AND(BM17="",BN17="",BO17="",BP17="",BQ17="",BR17="",BS17=""),0,SUM(BM17:BS17)-40-BU17)+(COUNTIF(BO17:BS17,"v")*8)+(COUNTIF(BO17:BS17,"sl")*8)+(COUNTIF(BO17:BS17,"ml")*8)+(COUNTIF(BO17:BS17,"t")*8)+(COUNTIF(BO17:BS17,"cl")*8)+(COUNTIF(BO17:BS17,"el")*8)+(COUNTIF(BO17:BS17,"cal")*8)+(COUNTIF(BO17:BS17,"E")*8)+($BT$9*8))+IF($BO$9=1,IF(OR(BO17="sl",BO17="v",BO17="ml",BO17="e",BO17="t",BO17="cl",BO17="cal"),-8,0))+IF($BP$9=1,IF(OR(BP17="sl",BP17="v",BP17="ml",BP17="e",BP17="t",BP17="cl",BP17="cal"),-8,0))+IF($BQ$9=1,IF(OR(BQ17="sl",BQ17="v",BQ17="ml",BQ17="e",BQ17="t",BQ17="cl",BQ17="cal"),-8,0))+IF($BR$9=1,IF(OR(BR17="sl",BR17="v",BR17="ml",BR17="e",BR17="t",BR17="cl",BR17="cal"),-8,0))+IF($BS$9=1,IF(OR(BS17="sl",BS17="v",BS17="ml",BS17="e",BS17="t",BS17="cl",BS17="cal"),-8,0)) -> 0 | BY17: =SUM(N17,Z17,AL17,AX17,BJ17,BV17) -> 4 | BZ17: =IF(SUM(AV17,BH17,AJ17,X17,L17,BT17)<0,0,SUM(AV17,BH17,AJ17,X17,L17,BT17)) -> 75 | CA17: =SUM(AW17,BI17,AK17,Y17,M17,BU17) -> 0 | CB17: =(BZ17*CC17)+(CA17*CD17) -> 110406.49 | CC17: =D17*12/2080*1.5 -> 1472.0865 | CD17: =D17*12/2080*2 -> 1962.7821
B18: 3 | C18: 18004329 | D18: =IF(C18="",0,VLOOKUP(C18,Conf!A:D,4,FALSE)) -> 194014.35 | E18: 0 | F18: 0 | G18: v | H18: v | I18: v | J18: v | K18: v | L18: =IF(AND(O18<0,N18>0),0,(IF(AND(P18<0,BY18>1),0,IF(AND(E18="",F18="",G18="",H18="",I18="",J18="",K18=""),0,IF(AND(E18="",F18="",G18="",H18="",I18="",J18="",K18=""),0,SUM(E18:K18)-40-M18)+(COUNTIF(G18:K18,"v")*8)+(COUNTIF(G18:K18,"sl")*8)+(COUNTIF(G18:K18,"ml")*8)+(COUNTIF(G18:K18,"t")*8)+(COUNTIF(G18:K18,"cl")*8)+(COUNTIF(G18:K18,"el")*8)+(COUNTIF(G18:K18,"cal")*8)+(COUNTIF(G18:K18,"E")*8)+($L$9*8))+IF($G$9=1,IF(OR(G18="sl",G18="v",G18="ml",G18="e",G18="t",G18="cl",G18="cal"),-8,0))+IF($H$9=1,IF(OR(H18="sl",H18="v",H18="ml",H18="e",H18="t",H18="cl",H18="cal"),-8,0))+IF($I$9=1,IF(OR(I18="sl",I18="v",I18="ml",I18="e",I18="t",I18="cl",I18="cal"),-8,0))+IF($J$9=1,IF(OR(J18="sl",J18="v",J18="ml",J18="e",J18="t",J18="cl",J18="cal"),-8,0))+IF($K$9=1,IF(OR(K18="sl",K18="v",K18="ml",K18="e",K18="t",K18="cl",K18="cal"),-8,0))))) -> 0 | M18: =SUMIF(E$9:K$9,1,E18:K18) -> 0 | N18: =COUNTIF(E18:F18,14)+IF(AND($G$9=0,G18=14),1,0)+IF(AND($H$9=0,H18=14),1,0)+IF(AND($I$9=0,I18=14),1,0)+IF(AND($J$9=0,J18=14),1,0)+IF(AND($K$9=0,K18=14),1,0) -> 0 | O18: =IF(AND(P18<0,BY18>1),0,IF(AND(E18="",F18="",G18="",H18="",I18="",J18="",K18=""),0,IF(AND(E18="",F18="",G18="",H18="",I18="",J18="",K18=""),0,SUM(E18:K18)-40-M18)+(COUNTIF(G18:K18,"v")*8)+(COUNTIF(G18:K18,"sl")*8)+(COUNTIF(G18:K18,"ml")*8)+(COUNTIF(G18:K18,"t")*8)+(COUNTIF(G18:K18,"cl")*8)+(COUNTIF(G18:K18,"el")*8)+(COUNTIF(G18:K18,"cal")*8)+(COUNTIF(G18:K18,"E")*8)+($L$9*8))+IF($G$9=1,IF(OR(G18="sl",G18="v",G18="ml",G18="e",G18="t",G18="cl",G18="cal"),-8,0))+IF($H$9=1,IF(OR(H18="sl",H18="v",H18="ml",H18="e",H18="t",H18="cl",H18="cal"),-8,0))+IF($I$9=1,IF(OR(I18="sl",I18="v",I18="ml",I18="e",I18="t",I18="cl",I18="cal"),-8,0))+IF($J$9=1,IF(OR(J18="sl",J18="v",J18="ml",J18="e",J18="t",J18="cl",J18="cal"),-8,0))+IF($K$9=1,IF(OR(K18="sl",K18="v",K18="ml",K18="e",K18="t",K18="cl",K18="cal"),-8,0))) -> 0 | P18: =IF(AND(E18="",F18="",G18="",H18="",I18="",J18="",K18=""),0,IF(AND(E18="",F18="",G18="",H18="",I18="",J18="",K18=""),0,SUM(E18:K18)-40-M18)+(COUNTIF(G18:K18,"v")*8)+(COUNTIF(G18:K18,"sl")*8)+(COUNTIF(G18:K18,"ml")*8)+(COUNTIF(G18:K18,"t")*8)+(COUNTIF(G18:K18,"cl")*8)+(COUNTIF(G18:K18,"el")*8)+(COUNTIF(G18:K18,"cal")*8)+(COUNTIF(G18:K18,"E")*8)+($L$9*8))+IF($G$9=1,IF(OR(G18="sl",G18="v",G18="ml",G18="e",G18="t",G18="cl",G18="cal"),-8,0))+IF($H$9=1,IF(OR(H18="sl",H18="v",H18="ml",H18="e",H18="t",H18="cl",H18="cal"),-8,0))+IF($I$9=1,IF(OR(I18="sl",I18="v",I18="ml",I18="e",I18="t",I18="cl",I18="cal"),-8,0))+IF($J$9=1,IF(OR(J18="sl",J18="v",J18="ml",J18="e",J18="t",J18="cl",J18="cal"),-8,0))+IF($K$9=1,IF(OR(K18="sl",K18="v",K18="ml",K18="e",K18="t",K18="cl",K18="cal"),-8,0)) -> 0 | Q18: 0 | R18: 0 | S18: v | T18: v | U18: v | V18: v | W18: v | X18: =IF(AND(AA18<0,Z18>0),0,(IF(AND(AB18<0,BY18>1),0,IF(AND(Q18="",R18="",S18="",T18="",U18="",V18="",W18=""),0,IF(AND(Q18="",R18="",S18="",T18="",U18="",V18="",W18=""),0,SUM(Q18:W18)-40-Y18)+(COUNTIF(S18:W18,"v")*8)+(COUNTIF(S18:W18,"sl")*8)+(COUNTIF(S18:W18,"ml")*8)+(COUNTIF(S18:W18,"t")*8)+(COUNTIF(S18:W18,"cl")*8)+(COUNTIF(S18:W18,"el")*8)+(COUNTIF(S18:W18,"cal")*8)+(COUNTIF(S18:W18,"E")*8)+($X$9*8))+IF($S$9=1,IF(OR(S18="sl",S18="v",S18="ml",S18="e",S18="t",S18="cl",S18="cal"),-8,0))+IF($T$9=1,IF(OR(T18="sl",T18="v",T18="ml",T18="e",T18="t",T18="cl",T18="cal"),-8,0))+IF($U$9=1,IF(OR(U18="sl",U18="v",U18="ml",U18="e",U18="t",U18="cl",U18="cal"),-8,0))+IF($V$9=1,IF(OR(V18="sl",V18="v",V18="ml",V18="e",V18="t",V18="cl",V18="cal"),-8,0))+IF($W$9=1,IF(OR(W18="sl",W18="v",W18="ml",W18="e",W18="t",W18="cl",W18="cal"),-8,0))))) -> 0 | Y18: =SUMIF(Q$9:W$9,1,Q18:W18) -> 0 | Z18: =COUNTIF(Q18:R18,14)+IF(AND($S$9=0,S18=14),1,0)+IF(AND($T$9=0,T18=14),1,0)+IF(AND($U$9=0,U18=14),1,0)+IF(AND($V$9=0,V18=14),1,0)+IF(AND($W$9=0,W18=14),1,0) -> 0 | AA18: =IF(AND(AB18<0,BY18>1),0,IF(AND(Q18="",R18="",S18="",T18="",U18="",V18="",W18=""),0,IF(AND(Q18="",R18="",S18="",T18="",U18="",V18="",W18=""),0,SUM(Q18:W18)-40-Y18)+(COUNTIF(S18:W18,"v")*8)+(COUNTIF(S18:W18,"sl")*8)+(COUNTIF(S18:W18,"ml")*8)+(COUNTIF(S18:W18,"t")*8)+(COUNTIF(S18:W18,"cl")*8)+(COUNTIF(S18:W18,"el")*8)+(COUNTIF(S18:W18,"cal")*8)+(COUNTIF(S18:W18,"E")*8)+($X$9*8))+IF($S$9=1,IF(OR(S18="sl",S18="v",S18="ml",S18="e",S18="t",S18="cl",S18="cal"),-8,0))+IF($T$9=1,IF(OR(T18="sl",T18="v",T18="ml",T18="e",T18="t",T18="cl",T18="cal"),-8,0))+IF($U$9=1,IF(OR(U18="sl",U18="v",U18="ml",U18="e",U18="t",U18="cl",U18="cal"),-8,0))+IF($V$9=1,IF(OR(V18="sl",V18="v",V18="ml",V18="e",V18="t",V18="cl",V18="cal"),-8,0))+IF($W$9=1,IF(OR(W18="sl",W18="v",W18="ml",W18="e",W18="t",W18="cl",W18="cal"),-8,0))) -> 0 | AB18: =IF(AND(Q18="",R18="",S18="",T18="",U18="",V18="",W18=""),0,IF(AND(Q18="",R18="",S18="",T18="",U18="",V18="",W18=""),0,SUM(Q18:W18)-40-Y18)+(COUNTIF(S18:W18,"v")*8)+(COUNTIF(S18:W18,"sl")*8)+(COUNTIF(S18:W18,"ml")*8)+(COUNTIF(S18:W18,"t")*8)+(COUNTIF(S18:W18,"cl")*8)+(COUNTIF(S18:W18,"el")*8)+(COUNTIF(S18:W18,"cal")*8)+(COUNTIF(S18:W18,"E")*8)+($X$9*8))+IF($S$9=1,IF(OR(S18="sl",S18="v",S18="ml",S18="e",S18="t",S18="cl",S18="cal"),-8,0))+IF($T$9=1,IF(OR(T18="sl",T18="v",T18="ml",T18="e",T18="t",T18="cl",T18="cal"),-8,0))+IF($U$9=1,IF(OR(U18="sl",U18="v",U18="ml",U18="e",U18="t",U18="cl",U18="cal"),-8,0))+IF($V$9=1,IF(OR(V18="sl",V18="v",V18="ml",V18="e",V18="t",V18="cl",V18="cal"),-8,0))+IF($W$9=1,IF(OR(W18="sl",W18="v",W18="ml",W18="e",W18="t",W18="cl",W18="cal"),-8,0)) -> 0 | AC18: 0 | AD18: 0 | AE18: v | AF18: v | AG18: v | AH18: v | AI18: v | AJ18: =IF(AND(AM18<0,AL18>0),0,(IF(AND(AN18<0,BY18>1),0,IF(AND(AC18="",AD18="",AE18="",AF18="",AG18="",AH18="",AI18=""),0,IF(AND(AC18="",AD18="",AE18="",AF18="",AG18="",AH18="",AI18=""),0,SUM(AC18:AI18)-40-AK18)+(COUNTIF(AE18:AI18,"v")*8)+(COUNTIF(AE18:AI18,"sl")*8)+(COUNTIF(AE18:AI18,"ml")*8)+(COUNTIF(AE18:AI18,"t")*8)+(COUNTIF(AE18:AI18,"cl")*8)+(COUNTIF(AE18:AI18,"el")*8)+(COUNTIF(AE18:AI18,"cal")*8)+(COUNTIF(AE18:AI18,"E")*8)+($AJ$9*8))+IF($AE$9=1,IF(OR(AE18="sl",AE18="v",AE18="ml",AE18="e",AE18="t",AE18="cl",AE18="cal"),-8,0))+IF($AF$9=1,IF(OR(AF18="sl",AF18="v",AF18="ml",AF18="e",AF18="t",AF18="cl",AF18="cal"),-8,0))+IF($AG$9=1,IF(OR(AG18="sl",AG18="v",AG18="ml",AG18="e",AG18="t",AG18="cl",AG18="cal"),-8,0))+IF($AH$9=1,IF(OR(AH18="sl",AH18="v",AH18="ml",AH18="e",AH18="t",AH18="cl",AH18="cal"),-8,0))+IF($AI$9=1,IF(OR(AI18="sl",AI18="v",AI18="ml",AI18="e",AI18="t",AI18="cl",AI18="cal"),-8,0))))) -> 0 | AK18: =SUMIF(AC$9:AI$9,1,AC18:AI18) -> 0 | AL18: =COUNTIF(AC18:AD18,14)+IF(AND($AE$9=0,AE18=14),1,0)+IF(AND($AF$9=0,AF18=14),1,0)+IF(AND($AG$9=0,AG18=14),1,0)+IF(AND($AH$9=0,AH18=14),1,0)+IF(AND($AI$9=0,AI18=14),1,0) -> 0 | AM18: =IF(AND(AN18<0,BY18>1),0,IF(AND(AC18="",AD18="",AE18="",AF18="",AG18="",AH18="",AI18=""),0,IF(AND(AC18="",AD18="",AE18="",AF18="",AG18="",AH18="",AI18=""),0,SUM(AC18:AI18)-40-AK18)+(COUNTIF(AE18:AI18,"v")*8)+(COUNTIF(AE18:AI18,"sl")*8)+(COUNTIF(AE18:AI18,"ml")*8)+(COUNTIF(AE18:AI18,"t")*8)+(COUNTIF(AE18:AI18,"cl")*8)+(COUNTIF(AE18:AI18,"el")*8)+(COUNTIF(AE18:AI18,"cal")*8)+(COUNTIF(AE18:AI18,"E")*8)+($AJ$9*8))+IF($AE$9=1,IF(OR(AE18="sl",AE18="v",AE18="ml",AE18="e",AE18="t",AE18="cl",AE18="cal"),-8,0))+IF($AF$9=1,IF(OR(AF18="sl",AF18="v",AF18="ml",AF18="e",AF18="t",AF18="cl",AF18="cal"),-8,0))+IF($AG$9=1,IF(OR(AG18="sl",AG18="v",AG18="ml",AG18="e",AG18="t",AG18="cl",AG18="cal"),-8,0))+IF($AH$9=1,IF(OR(AH18="sl",AH18="v",AH18="ml",AH18="e",AH18="t",AH18="cl",AH18="cal"),-8,0))+IF($AI$9=1,IF(OR(AI18="sl",AI18="v",AI18="ml",AI18="e",AI18="t",AI18="cl",AI18="cal"),-8,0))) -> 0 | AN18: =IF(AND(AC18="",AD18="",AE18="",AF18="",AG18="",AH18="",AI18=""),0,IF(AND(AC18="",AD18="",AE18="",AF18="",AG18="",AH18="",AI18=""),0,SUM(AC18:AI18)-40-AK18)+(COUNTIF(AE18:AI18,"v")*8)+(COUNTIF(AE18:AI18,"sl")*8)+(COUNTIF(AE18:AI18,"ml")*8)+(COUNTIF(AE18:AI18,"t")*8)+(COUNTIF(AE18:AI18,"cl")*8)+(COUNTIF(AE18:AI18,"el")*8)+(COUNTIF(AE18:AI18,"cal")*8)+(COUNTIF(AE18:AI18,"E")*8)+($AJ$9*8))+IF($AE$9=1,IF(OR(AE18="sl",AE18="v",AE18="ml",AE18="e",AE18="t",AE18="cl",AE18="cal"),-8,0))+IF($AF$9=1,IF(OR(AF18="sl",AF18="v",AF18="ml",AF18="e",AF18="t",AF18="cl",AF18="cal"),-8,0))+IF($AG$9=1,IF(OR(AG18="sl",AG18="v",AG18="ml",AG18="e",AG18="t",AG18="cl",AG18="cal"),-8,0))+IF($AH$9=1,IF(OR(AH18="sl",AH18="v",AH18="ml",AH18="e",AH18="t",AH18="cl",AH18="cal"),-8,0))+IF($AI$9=1,IF(OR(AI18="sl",AI18="v",AI18="ml",AI18="e",AI18="t",AI18="cl",AI18="cal"),-8,0)) -> 0 | AO18: 0 | AP18: 0 | AQ18: 10 | AR18: 0 | AS18: 0 | AT18: 7 | AU18: 7 | AV18: =IF(AND(AY18<0,AX18>0),0,(IF(AND(AZ18<0,BY18>1),0,IF(AND(AO18="",AP18="",AQ18="",AR18="",AS18="",AT18="",AU18=""),0,IF(AND(AO18="",AP18="",AQ18="",AR18="",AS18="",AT18="",AU18=""),0,SUM(AO18:AU18)-40-AW18)+(COUNTIF(AQ18:AU18,"v")*8)+(COUNTIF(AQ18:AU18,"sl")*8)+(COUNTIF(AQ18:AU18,"ml")*8)+(COUNTIF(AQ18:AU18,"t")*8)+(COUNTIF(AQ18:AU18,"cl")*8)+(COUNTIF(AQ18:AU18,"el")*8)+(COUNTIF(AQ18:AU18,"cal")*8)+(COUNTIF(AQ18:AU18,"E")*8)+($AV$9*8))+IF($AQ$9=1,IF(OR(AQ18="sl",AQ18="v",AQ18="ml",AQ18="e",AQ18="t",AQ18="cl",AQ18="cal"),-8,0))+IF($AR$9=1,IF(OR(AR18="sl",AR18="v",AR18="ml",AR18="e",AR18="t",AR18="cl",AR18="cal"),-8,0))+IF($AS$9=1,IF(OR(AS18="sl",AS18="v",AS18="ml",AS18="e",AS18="t",AS18="cl",AS18="cal"),-8,0))+IF($AT$9=1,IF(OR(AT18="sl",AT18="v",AT18="ml",AT18="e",AT18="t",AT18="cl",AT18="cal"),-8,0))+IF($AU$9=1,IF(OR(AU18="sl",AU18="v",AU18="ml",AU18="e",AU18="t",AU18="cl",AU18="cal"),-8,0))))) -> -16 | AW18: =SUMIF(AO$9:AU$9,1,AO18:AU18) -> 0 | AX18: =COUNTIF(AO18:AP18,14)+IF(AND($AQ$9=0,AQ18=14),1,0)+IF(AND($AR$9=0,AR18=14),1,0)+IF(AND($AS$9=0,AS18=14),1,0)+IF(AND($AT$9=0,AT18=14),1,0)+IF(AND($AU$9=0,AU18=14),1,0) -> 0 | AY18: =IF(AND(AZ18<0,BY18>1),0,IF(AND(AO18="",AP18="",AQ18="",AR18="",AS18="",AT18="",AU18=""),0,IF(AND(AO18="",AP18="",AQ18="",AR18="",AS18="",AT18="",AU18=""),0,SUM(AO18:AU18)-40-AW18)+(COUNTIF(AQ18:AU18,"v")*8)+(COUNTIF(AQ18:AU18,"sl")*8)+(COUNTIF(AQ18:AU18,"ml")*8)+(COUNTIF(AQ18:AU18,"t")*8)+(COUNTIF(AQ18:AU18,"cl")*8)+(COUNTIF(AQ18:AU18,"el")*8)+(COUNTIF(AQ18:AU18,"cal")*8)+(COUNTIF(AQ18:AU18,"E")*8)+($AV$9*8))+IF($AQ$9=1,IF(OR(AQ18="sl",AQ18="v",AQ18="ml",AQ18="e",AQ18="t",AQ18="cl",AQ18="cal"),-8,0))+IF($AR$9=1,IF(OR(AR18="sl",AR18="v",AR18="ml",AR18="e",AR18="t",AR18="cl",AR18="cal"),-8,0))+IF($AS$9=1,IF(OR(AS18="sl",AS18="v",AS18="ml",AS18="e",AS18="t",AS18="cl",AS18="cal"),-8,0))+IF($AT$9=1,IF(OR(AT18="sl",AT18="v",AT18="ml",AT18="e",AT18="t",AT18="cl",AT18="cal"),-8,0))+IF($AU$9=1,IF(OR(AU18="sl",AU18="v",AU18="ml",AU18="e",AU18="t",AU18="cl",AU18="cal"),-8,0))) -> -16 | AZ18: =IF(AND(AO18="",AP18="",AQ18="",AR18="",AS18="",AT18="",AU18=""),0,IF(AND(AO18="",AP18="",AQ18="",AR18="",AS18="",AT18="",AU18=""),0,SUM(AO18:AU18)-40-AW18)+(COUNTIF(AQ18:AU18,"v")*8)+(COUNTIF(AQ18:AU18,"sl")*8)+(COUNTIF(AQ18:AU18,"ml")*8)+(COUNTIF(AQ18:AU18,"t")*8)+(COUNTIF(AQ18:AU18,"cl")*8)+(COUNTIF(AQ18:AU18,"el")*8)+(COUNTIF(AQ18:AU18,"cal")*8)+(COUNTIF(AQ18:AU18,"E")*8)+($AV$9*8))+IF($AQ$9=1,IF(OR(AQ18="sl",AQ18="v",AQ18="ml",AQ18="e",AQ18="t",AQ18="cl",AQ18="cal"),-8,0))+IF($AR$9=1,IF(OR(AR18="sl",AR18="v",AR18="ml",AR18="e",AR18="t",AR18="cl",AR18="cal"),-8,0))+IF($AS$9=1,IF(OR(AS18="sl",AS18="v",AS18="ml",AS18="e",AS18="t",AS18="cl",AS18="cal"),-8,0))+IF($AT$9=1,IF(OR(AT18="sl",AT18="v",AT18="ml",AT18="e",AT18="t",AT18="cl",AT18="cal"),-8,0))+IF($AU$9=1,IF(OR(AU18="sl",AU18="v",AU18="ml",AU18="e",AU18="t",AU18="cl",AU18="cal"),-8,0)) -> -16 | BH18: =IF(AND(BK18<0,BJ18>0),0,(IF(AND(BL18<0,BY18>1),0,IF(AND(BA18="",BB18="",BC18="",BD18="",BE18="",BF18="",BG18=""),0,IF(AND(BA18="",BB18="",BC18="",BD18="",BE18="",BF18="",BG18=""),0,SUM(BA18:BG18)-40-BI18)+(COUNTIF(BC18:BG18,"v")*8)+(COUNTIF(BC18:BG18,"sl")*8)+(COUNTIF(BC18:BG18,"ml")*8)+(COUNTIF(BC18:BG18,"t")*8)+(COUNTIF(BC18:BG18,"cl")*8)+(COUNTIF(BC18:BG18,"el")*8)+(COUNTIF(BC18:BG18,"cal")*8)+(COUNTIF(BC18:BG18,"E")*8)+($BH$9*8))+IF($BC$9=1,IF(OR(BC18="sl",BC18="v",BC18="ml",BC18="e",BC18="t",BC18="cl",BC18="cal"),-8,0))+IF($BD$9=1,IF(OR(BD18="sl",BD18="v",BD18="ml",BD18="e",BD18="t",BD18="cl",BD18="cal"),-8,0))+IF($BE$9=1,IF(OR(BE18="sl",BE18="v",BE18="ml",BE18="e",BE18="t",BE18="cl",BE18="cal"),-8,0))+IF($BF$9=1,IF(OR(BF18="sl",BF18="v",BF18="ml",BF18="e",BF18="t",BF18="cl",BF18="cal"),-8,0))+IF($BG$9=1,IF(OR(BG18="sl",BG18="v",BG18="ml",BG18="e",BG18="t",BG18="cl",BG18="cal"),-8,0))))) -> 0 | BI18: =SUMIF(BA$9:BG$9,1,BA18:BG18) -> 0 | BJ18: =COUNTIF(BA18:BB18,14)+IF(AND($BC$9=0,BC18=14),1,0)+IF(AND($BD$9=0,BD18=14),1,0)+IF(AND($BE$9=0,BE18=14),1,0)+IF(AND($BF$9=0,BF18=14),1,0)+IF(AND($BG$9=0,BG18=14),1,0) -> 0 | BK18: =IF(AND(BL18<0,BY18>1),0,IF(AND(BA18="",BB18="",BC18="",BD18="",BE18="",BF18="",BG18=""),0,IF(AND(BA18="",BB18="",BC18="",BD18="",BE18="",BF18="",BG18=""),0,SUM(BA18:BG18)-40-BI18)+(COUNTIF(BC18:BG18,"v")*8)+(COUNTIF(BC18:BG18,"sl")*8)+(COUNTIF(BC18:BG18,"ml")*8)+(COUNTIF(BC18:BG18,"t")*8)+(COUNTIF(BC18:BG18,"cl")*8)+(COUNTIF(BC18:BG18,"el")*8)+(COUNTIF(BC18:BG18,"cal")*8)+(COUNTIF(BC18:BG18,"E")*8)+($BH$9*8))+IF($BC$9=1,IF(OR(BC18="sl",BC18="v",BC18="ml",BC18="e",BC18="t",BC18="cl",BC18="cal"),-8,0))+IF($BD$9=1,IF(OR(BD18="sl",BD18="v",BD18="ml",BD18="e",BD18="t",BD18="cl",BD18="cal"),-8,0))+IF($BE$9=1,IF(OR(BE18="sl",BE18="v",BE18="ml",BE18="e",BE18="t",BE18="cl",BE18="cal"),-8,0))+IF($BF$9=1,IF(OR(BF18="sl",BF18="v",BF18="ml",BF18="e",BF18="t",BF18="cl",BF18="cal"),-8,0))+IF($BG$9=1,IF(OR(BG18="sl",BG18="v",BG18="ml",BG18="e",BG18="t",BG18="cl",BG18="cal"),-8,0))) -> 0 | BL18: =IF(AND(BA18="",BB18="",BC18="",BD18="",BE18="",BF18="",BG18=""),0,IF(AND(BA18="",BB18="",BC18="",BD18="",BE18="",BF18="",BG18=""),0,SUM(BA18:BG18)-40-BI18)+(COUNTIF(BC18:BG18,"v")*8)+(COUNTIF(BC18:BG18,"sl")*8)+(COUNTIF(BC18:BG18,"ml")*8)+(COUNTIF(BC18:BG18,"t")*8)+(COUNTIF(BC18:BG18,"cl")*8)+(COUNTIF(BC18:BG18,"el")*8)+(COUNTIF(BC18:BG18,"cal")*8)+(COUNTIF(BC18:BG18,"E")*8)+($BH$9*8))+IF($BC$9=1,IF(OR(BC18="sl",BC18="v",BC18="ml",BC18="e",BC18="t",BC18="cl",BC18="cal"),-8,0))+IF($BD$9=1,IF(OR(BD18="sl",BD18="v",BD18="ml",BD18="e",BD18="t",BD18="cl",BD18="cal"),-8,0))+IF($BE$9=1,IF(OR(BE18="sl",BE18="v",BE18="ml",BE18="e",BE18="t",BE18="cl",BE18="cal"),-8,0))+IF($BF$9=1,IF(OR(BF18="sl",BF18="v",BF18="ml",BF18="e",BF18="t",BF18="cl",BF18="cal"),-8,0))+IF($BG$9=1,IF(OR(BG18="sl",BG18="v",BG18="ml",BG18="e",BG18="t",BG18="cl",BG18="cal"),-8,0)) -> 0 | BT18: =IF(AND(BW18<0,BV18>0),0,(IF(AND(BX18<0,BY18>1),0,IF(AND(BM18="",BN18="",BO18="",BP18="",BQ18="",BR18="",BS18=""),0,IF(AND(BM18="",BN18="",BO18="",BP18="",BQ18="",BR18="",BS18=""),0,SUM(BM18:BS18)-40-BU18)+(COUNTIF(BO18:BS18,"v")*8)+(COUNTIF(BO18:BS18,"sl")*8)+(COUNTIF(BO18:BS18,"ml")*8)+(COUNTIF(BO18:BS18,"t")*8)+(COUNTIF(BO18:BS18,"cl")*8)+(COUNTIF(BO18:BS18,"el")*8)+(COUNTIF(BO18:BS18,"cal")*8)+(COUNTIF(BO18:BS18,"E")*8)+($BT$9*8))+IF($BO$9=1,IF(OR(BO18="sl",BO18="v",BO18="ml",BO18="e",BO18="t",BO18="cl",BO18="cal"),-8,0))+IF($BP$9=1,IF(OR(BP18="sl",BP18="v",BP18="ml",BP18="e",BP18="t",BP18="cl",BP18="cal"),-8,0))+IF($BQ$9=1,IF(OR(BQ18="sl",BQ18="v",BQ18="ml",BQ18="e",BQ18="t",BQ18="cl",BQ18="cal"),-8,0))+IF($BR$9=1,IF(OR(BR18="sl",BR18="v",BR18="ml",BR18="e",BR18="t",BR18="cl",BR18="cal"),-8,0))+IF($BS$9=1,IF(OR(BS18="sl",BS18="v",BS18="ml",BS18="e",BS18="t",BS18="cl",BS18="cal"),-8,0))))) -> 0 | BU18: =SUMIF(BM$9:BS$9,1,BM18:BS18) -> 0 | BV18: =COUNTIF(BM18:BN18,14)+IF(AND($BO$9=0,BO18=14),1,0)+IF(AND($BP$9=0,BP18=14),1,0)+IF(AND($BQ$9=0,BQ18=14),1,0)+IF(AND($BR$9=0,BR18=14),1,0)+IF(AND($BS$9=0,BS18=14),1,0) -> 0 | BW18: =IF(AND(BX18<0,BY18>1),0,IF(AND(BM18="",BN18="",BO18="",BP18="",BQ18="",BR18="",BS18=""),0,IF(AND(BM18="",BN18="",BO18="",BP18="",BQ18="",BR18="",BS18=""),0,SUM(BM18:BS18)-40-BU18)+(COUNTIF(BO18:BS18,"v")*8)+(COUNTIF(BO18:BS18,"sl")*8)+(COUNTIF(BO18:BS18,"ml")*8)+(COUNTIF(BO18:BS18,"t")*8)+(COUNTIF(BO18:BS18,"cl")*8)+(COUNTIF(BO18:BS18,"el")*8)+(COUNTIF(BO18:BS18,"cal")*8)+(COUNTIF(BO18:BS18,"E")*8)+($BT$9*8))+IF($BO$9=1,IF(OR(BO18="sl",BO18="v",BO18="ml",BO18="e",BO18="t",BO18="cl",BO18="cal"),-8,0))+IF($BP$9=1,IF(OR(BP18="sl",BP18="v",BP18="ml",BP18="e",BP18="t",BP18="cl",BP18="cal"),-8,0))+IF($BQ$9=1,IF(OR(BQ18="sl",BQ18="v",BQ18="ml",BQ18="e",BQ18="t",BQ18="cl",BQ18="cal"),-8,0))+IF($BR$9=1,IF(OR(BR18="sl",BR18="v",BR18="ml",BR18="e",BR18="t",BR18="cl",BR18="cal"),-8,0))+IF($BS$9=1,IF(OR(BS18="sl",BS18="v",BS18="ml",BS18="e",BS18="t",BS18="cl",BS18="cal"),-8,0))) -> 0 | BX18: =IF(AND(BM18="",BN18="",BO18="",BP18="",BQ18="",BR18="",BS18=""),0,IF(AND(BM18="",BN18="",BO18="",BP18="",BQ18="",BR18="",BS18=""),0,SUM(BM18:BS18)-40-BU18)+(COUNTIF(BO18:BS18,"v")*8)+(COUNTIF(BO18:BS18,"sl")*8)+(COUNTIF(BO18:BS18,"ml")*8)+(COUNTIF(BO18:BS18,"t")*8)+(COUNTIF(BO18:BS18,"cl")*8)+(COUNTIF(BO18:BS18,"el")*8)+(COUNTIF(BO18:BS18,"cal")*8)+(COUNTIF(BO18:BS18,"E")*8)+($BT$9*8))+IF($BO$9=1,IF(OR(BO18="sl",BO18="v",BO18="ml",BO18="e",BO18="t",BO18="cl",BO18="cal"),-8,0))+IF($BP$9=1,IF(OR(BP18="sl",BP18="v",BP18="ml",BP18="e",BP18="t",BP18="cl",BP18="cal"),-8,0))+IF($BQ$9=1,IF(OR(BQ18="sl",BQ18="v",BQ18="ml",BQ18="e",BQ18="t",BQ18="cl",BQ18="cal"),-8,0))+IF($BR$9=1,IF(OR(BR18="sl",BR18="v",BR18="ml",BR18="e",BR18="t",BR18="cl",BR18="cal"),-8,0))+IF($BS$9=1,IF(OR(BS18="sl",BS18="v",BS18="ml",BS18="e",BS18="t",BS18="cl",BS18="cal"),-8,0)) -> 0 | BY18: =SUM(N18,Z18,AL18,AX18,BJ18,BV18) -> 0 | BZ18: =IF(SUM(AV18,BH18,AJ18,X18,L18,BT18)<0,0,SUM(AV18,BH18,AJ18,X18,L18,BT18)) -> 0 | CA18: =SUM(AW18,BI18,AK18,Y18,M18,BU18) -> 0 | CB18: =(BZ18*CC18)+(CA18*CD18) -> 0 | CC18: =D18*12/2080*1.5 -> 1678.9704 | CD18: =D18*12/2080*2 -> 2238.6271
B19: 3 | C19: 18000601 | D19: =IF(C19="",0,VLOOKUP(C19,Conf!A:D,4,FALSE)) -> 250626.88 | E19: 0 | F19: 0 | G19: 10 | H19: 10 | I19: 10 | J19: 10 | K19: 10 | L19: =IF(AND(O19<0,N19>0),0,(IF(AND(P19<0,BY19>1),0,IF(AND(E19="",F19="",G19="",H19="",I19="",J19="",K19=""),0,IF(AND(E19="",F19="",G19="",H19="",I19="",J19="",K19=""),0,SUM(E19:K19)-40-M19)+(COUNTIF(G19:K19,"v")*8)+(COUNTIF(G19:K19,"sl")*8)+(COUNTIF(G19:K19,"ml")*8)+(COUNTIF(G19:K19,"t")*8)+(COUNTIF(G19:K19,"cl")*8)+(COUNTIF(G19:K19,"el")*8)+(COUNTIF(G19:K19,"cal")*8)+(COUNTIF(G19:K19,"E")*8)+($L$9*8))+IF($G$9=1,IF(OR(G19="sl",G19="v",G19="ml",G19="e",G19="t",G19="cl",G19="cal"),-8,0))+IF($H$9=1,IF(OR(H19="sl",H19="v",H19="ml",H19="e",H19="t",H19="cl",H19="cal"),-8,0))+IF($I$9=1,IF(OR(I19="sl",I19="v",I19="ml",I19="e",I19="t",I19="cl",I19="cal"),-8,0))+IF($J$9=1,IF(OR(J19="sl",J19="v",J19="ml",J19="e",J19="t",J19="cl",J19="cal"),-8,0))+IF($K$9=1,IF(OR(K19="sl",K19="v",K19="ml",K19="e",K19="t",K19="cl",K19="cal"),-8,0))))) -> 10 | M19: =SUMIF(E$9:K$9,1,E19:K19) -> 0 | N19: =COUNTIF(E19:F19,14)+IF(AND($G$9=0,G19=14),1,0)+IF(AND($H$9=0,H19=14),1,0)+IF(AND($I$9=0,I19=14),1,0)+IF(AND($J$9=0,J19=14),1,0)+IF(AND($K$9=0,K19=14),1,0) -> 0 | O19: =IF(AND(P19<0,BY19>1),0,IF(AND(E19="",F19="",G19="",H19="",I19="",J19="",K19=""),0,IF(AND(E19="",F19="",G19="",H19="",I19="",J19="",K19=""),0,SUM(E19:K19)-40-M19)+(COUNTIF(G19:K19,"v")*8)+(COUNTIF(G19:K19,"sl")*8)+(COUNTIF(G19:K19,"ml")*8)+(COUNTIF(G19:K19,"t")*8)+(COUNTIF(G19:K19,"cl")*8)+(COUNTIF(G19:K19,"el")*8)+(COUNTIF(G19:K19,"cal")*8)+(COUNTIF(G19:K19,"E")*8)+($L$9*8))+IF($G$9=1,IF(OR(G19="sl",G19="v",G19="ml",G19="e",G19="t",G19="cl",G19="cal"),-8,0))+IF($H$9=1,IF(OR(H19="sl",H19="v",H19="ml",H19="e",H19="t",H19="cl",H19="cal"),-8,0))+IF($I$9=1,IF(OR(I19="sl",I19="v",I19="ml",I19="e",I19="t",I19="cl",I19="cal"),-8,0))+IF($J$9=1,IF(OR(J19="sl",J19="v",J19="ml",J19="e",J19="t",J19="cl",J19="cal"),-8,0))+IF($K$9=1,IF(OR(K19="sl",K19="v",K19="ml",K19="e",K19="t",K19="cl",K19="cal"),-8,0))) -> 10 | P19: =IF(AND(E19="",F19="",G19="",H19="",I19="",J19="",K19=""),0,IF(AND(E19="",F19="",G19="",H19="",I19="",J19="",K19=""),0,SUM(E19:K19)-40-M19)+(COUNTIF(G19:K19,"v")*8)+(COUNTIF(G19:K19,"sl")*8)+(COUNTIF(G19:K19,"ml")*8)+(COUNTIF(G19:K19,"t")*8)+(COUNTIF(G19:K19,"cl")*8)+(COUNTIF(G19:K19,"el")*8)+(COUNTIF(G19:K19,"cal")*8)+(COUNTIF(G19:K19,"E")*8)+($L$9*8))+IF($G$9=1,IF(OR(G19="sl",G19="v",G19="ml",G19="e",G19="t",G19="cl",G19="cal"),-8,0))+IF($H$9=1,IF(OR(H19="sl",H19="v",H19="ml",H19="e",H19="t",H19="cl",H19="cal"),-8,0))+IF($I$9=1,IF(OR(I19="sl",I19="v",I19="ml",I19="e",I19="t",I19="cl",I19="cal"),-8,0))+IF($J$9=1,IF(OR(J19="sl",J19="v",J19="ml",J19="e",J19="t",J19="cl",J19="cal"),-8,0))+IF($K$9=1,IF(OR(K19="sl",K19="v",K19="ml",K19="e",K19="t",K19="cl",K19="cal"),-8,0)) -> 10 | Q19: 10 | R19: 0 | S19: 7 | T19: 7 | U19: 14 | V19: 10 | W19: 0 | X19: =IF(AND(AA19<0,Z19>0),0,(IF(AND(AB19<0,BY19>1),0,IF(AND(Q19="",R19="",S19="",T19="",U19="",V19="",W19=""),0,IF(AND(Q19="",R19="",S19="",T19="",U19="",V19="",W19=""),0,SUM(Q19:W19)-40-Y19)+(COUNTIF(S19:W19,"v")*8)+(COUNTIF(S19:W19,"sl")*8)+(COUNTIF(S19:W19,"ml")*8)+(COUNTIF(S19:W19,"t")*8)+(COUNTIF(S19:W19,"cl")*8)+(COUNTIF(S19:W19,"el")*8)+(COUNTIF(S19:W19,"cal")*8)+(COUNTIF(S19:W19,"E")*8)+($X$9*8))+IF($S$9=1,IF(OR(S19="sl",S19="v",S19="ml",S19="e",S19="t",S19="cl",S19="cal"),-8,0))+IF($T$9=1,IF(OR(T19="sl",T19="v",T19="ml",T19="e",T19="t",T19="cl",T19="cal"),-8,0))+IF($U$9=1,IF(OR(U19="sl",U19="v",U19="ml",U19="e",U19="t",U19="cl",U19="cal"),-8,0))+IF($V$9=1,IF(OR(V19="sl",V19="v",V19="ml",V19="e",V19="t",V19="cl",V19="cal"),-8,0))+IF($W$9=1,IF(OR(W19="sl",W19="v",W19="ml",W19="e",W19="t",W19="cl",W19="cal"),-8,0))))) -> 8 | Y19: =SUMIF(Q$9:W$9,1,Q19:W19) -> 0 | Z19: =COUNTIF(Q19:R19,14)+IF(AND($S$9=0,S19=14),1,0)+IF(AND($T$9=0,T19=14),1,0)+IF(AND($U$9=0,U19=14),1,0)+IF(AND($V$9=0,V19=14),1,0)+IF(AND($W$9=0,W19=14),1,0) -> 1 | AA19: =IF(AND(AB19<0,BY19>1),0,IF(AND(Q19="",R19="",S19="",T19="",U19="",V19="",W19=""),0,IF(AND(Q19="",R19="",S19="",T19="",U19="",V19="",W19=""),0,SUM(Q19:W19)-40-Y19)+(COUNTIF(S19:W19,"v")*8)+(COUNTIF(S19:W19,"sl")*8)+(COUNTIF(S19:W19,"ml")*8)+(COUNTIF(S19:W19,"t")*8)+(COUNTIF(S19:W19,"cl")*8)+(COUNTIF(S19:W19,"el")*8)+(COUNTIF(S19:W19,"cal")*8)+(COUNTIF(S19:W19,"E")*8)+($X$9*8))+IF($S$9=1,IF(OR(S19="sl",S19="v",S19="ml",S19="e",S19="t",S19="cl",S19="cal"),-8,0))+IF($T$9=1,IF(OR(T19="sl",T19="v",T19="ml",T19="e",T19="t",T19="cl",T19="cal"),-8,0))+IF($U$9=1,IF(OR(U19="sl",U19="v",U19="ml",U19="e",U19="t",U19="cl",U19="cal"),-8,0))+IF($V$9=1,IF(OR(V19="sl",V19="v",V19="ml",V19="e",V19="t",V19="cl",V19="cal"),-8,0))+IF($W$9=1,IF(OR(W19="sl",W19="v",W19="ml",W19="e",W19="t",W19="cl",W19="cal"),-8,0))) -> 8 | AB19: =IF(AND(Q19="",R19="",S19="",T19="",U19="",V19="",W19=""),0,IF(AND(Q19="",R19="",S19="",T19="",U19="",V19="",W19=""),0,SUM(Q19:W19)-40-Y19)+(COUNTIF(S19:W19,"v")*8)+(COUNTIF(S19:W19,"sl")*8)+(COUNTIF(S19:W19,"ml")*8)+(COUNTIF(S19:W19,"t")*8)+(COUNTIF(S19:W19,"cl")*8)+(COUNTIF(S19:W19,"el")*8)+(COUNTIF(S19:W19,"cal")*8)+(COUNTIF(S19:W19,"E")*8)+($X$9*8))+IF($S$9=1,IF(OR(S19="sl",S19="v",S19="ml",S19="e",S19="t",S19="cl",S19="cal"),-8,0))+IF($T$9=1,IF(OR(T19="sl",T19="v",T19="ml",T19="e",T19="t",T19="cl",T19="cal"),-8,0))+IF($U$9=1,IF(OR(U19="sl",U19="v",U19="ml",U19="e",U19="t",U19="cl",U19="cal"),-8,0))+IF($V$9=1,IF(OR(V19="sl",V19="v",V19="ml",V19="e",V19="t",V19="cl",V19="cal"),-8,0))+IF($W$9=1,IF(OR(W19="sl",W19="v",W19="ml",W19="e",W19="t",W19="cl",W19="cal"),-8,0)) -> 8 | AC19: 14 | AD19: 10 | AE19: 0 | AF19: 14 | AG19: 10 | AH19: 0 | AI19: 14 | AJ19: =IF(AND(AM19<0,AL19>0),0,(IF(AND(AN19<0,BY19>1),0,IF(AND(AC19="",AD19="",AE19="",AF19="",AG19="",AH19="",AI19=""),0,IF(AND(AC19="",AD19="",AE19="",AF19="",AG19="",AH19="",AI19=""),0,SUM(AC19:AI19)-40-AK19)+(COUNTIF(AE19:AI19,"v")*8)+(COUNTIF(AE19:AI19,"sl")*8)+(COUNTIF(AE19:AI19,"ml")*8)+(COUNTIF(AE19:AI19,"t")*8)+(COUNTIF(AE19:AI19,"cl")*8)+(COUNTIF(AE19:AI19,"el")*8)+(COUNTIF(AE19:AI19,"cal")*8)+(COUNTIF(AE19:AI19,"E")*8)+($AJ$9*8))+IF($AE$9=1,IF(OR(AE19="sl",AE19="v",AE19="ml",AE19="e",AE19="t",AE19="cl",AE19="cal"),-8,0))+IF($AF$9=1,IF(OR(AF19="sl",AF19="v",AF19="ml",AF19="e",AF19="t",AF19="cl",AF19="cal"),-8,0))+IF($AG$9=1,IF(OR(AG19="sl",AG19="v",AG19="ml",AG19="e",AG19="t",AG19="cl",AG19="cal"),-8,0))+IF($AH$9=1,IF(OR(AH19="sl",AH19="v",AH19="ml",AH19="e",AH19="t",AH19="cl",AH19="cal"),-8,0))+IF($AI$9=1,IF(OR(AI19="sl",AI19="v",AI19="ml",AI19="e",AI19="t",AI19="cl",AI19="cal"),-8,0))))) -> 22 | AK19: =SUMIF(AC$9:AI$9,1,AC19:AI19) -> 0 | AL19: =COUNTIF(AC19:AD19,14)+IF(AND($AE$9=0,AE19=14),1,0)+IF(AND($AF$9=0,AF19=14),1,0)+IF(AND($AG$9=0,AG19=14),1,0)+IF(AND($AH$9=0,AH19=14),1,0)+IF(AND($AI$9=0,AI19=14),1,0) -> 3 | AM19: =IF(AND(AN19<0,BY19>1),0,IF(AND(AC19="",AD19="",AE19="",AF19="",AG19="",AH19="",AI19=""),0,IF(AND(AC19="",AD19="",AE19="",AF19="",AG19="",AH19="",AI19=""),0,SUM(AC19:AI19)-40-AK19)+(COUNTIF(AE19:AI19,"v")*8)+(COUNTIF(AE19:AI19,"sl")*8)+(COUNTIF(AE19:AI19,"ml")*8)+(COUNTIF(AE19:AI19,"t")*8)+(COUNTIF(AE19:AI19,"cl")*8)+(COUNTIF(AE19:AI19,"el")*8)+(COUNTIF(AE19:AI19,"cal")*8)+(COUNTIF(AE19:AI19,"E")*8)+($AJ$9*8))+IF($AE$9=1,IF(OR(AE19="sl",AE19="v",AE19="ml",AE19="e",AE19="t",AE19="cl",AE19="cal"),-8,0))+IF($AF$9=1,IF(OR(AF19="sl",AF19="v",AF19="ml",AF19="e",AF19="t",AF19="cl",AF19="cal"),-8,0))+IF($AG$9=1,IF(OR(AG19="sl",AG19="v",AG19="ml",AG19="e",AG19="t",AG19="cl",AG19="cal"),-8,0))+IF($AH$9=1,IF(OR(AH19="sl",AH19="v",AH19="ml",AH19="e",AH19="t",AH19="cl",AH19="cal"),-8,0))+IF($AI$9=1,IF(OR(AI19="sl",AI19="v",AI19="ml",AI19="e",AI19="t",AI19="cl",AI19="cal"),-8,0))) -> 22 | AN19: =IF(AND(AC19="",AD19="",AE19="",AF19="",AG19="",AH19="",AI19=""),0,IF(AND(AC19="",AD19="",AE19="",AF19="",AG19="",AH19="",AI19=""),0,SUM(AC19:AI19)-40-AK19)+(COUNTIF(AE19:AI19,"v")*8)+(COUNTIF(AE19:AI19,"sl")*8)+(COUNTIF(AE19:AI19,"ml")*8)+(COUNTIF(AE19:AI19,"t")*8)+(COUNTIF(AE19:AI19,"cl")*8)+(COUNTIF(AE19:AI19,"el")*8)+(COUNTIF(AE19:AI19,"cal")*8)+(COUNTIF(AE19:AI19,"E")*8)+($AJ$9*8))+IF($AE$9=1,IF(OR(AE19="sl",AE19="v",AE19="ml",AE19="e",AE19="t",AE19="cl",AE19="cal"),-8,0))+IF($AF$9=1,IF(OR(AF19="sl",AF19="v",AF19="ml",AF19="e",AF19="t",AF19="cl",AF19="cal"),-8,0))+IF($AG$9=1,IF(OR(AG19="sl",AG19="v",AG19="ml",AG19="e",AG19="t",AG19="cl",AG19="cal"),-8,0))+IF($AH$9=1,IF(OR(AH19="sl",AH19="v",AH19="ml",AH19="e",AH19="t",AH19="cl",AH19="cal"),-8,0))+IF($AI$9=1,IF(OR(AI19="sl",AI19="v",AI19="ml",AI19="e",AI19="t",AI19="cl",AI19="cal"),-8,0)) -> 22 | AO19: 10 | AP19: 0 | AQ19: 7 | AR19: 7 | AS19: 7 | AT19: 7 | AU19: 7 | AV19: =IF(AND(AY19<0,AX19>0),0,(IF(AND(AZ19<0,BY19>1),0,IF(AND(AO19="",AP19="",AQ19="",AR19="",AS19="",AT19="",AU19=""),0,IF(AND(AO19="",AP19="",AQ19="",AR19="",AS19="",AT19="",AU19=""),0,SUM(AO19:AU19)-40-AW19)+(COUNTIF(AQ19:AU19,"v")*8)+(COUNTIF(AQ19:AU19,"sl")*8)+(COUNTIF(AQ19:AU19,"ml")*8)+(COUNTIF(AQ19:AU19,"t")*8)+(COUNTIF(AQ19:AU19,"cl")*8)+(COUNTIF(AQ19:AU19,"el")*8)+(COUNTIF(AQ19:AU19,"cal")*8)+(COUNTIF(AQ19:AU19,"E")*8)+($AV$9*8))+IF($AQ$9=1,IF(OR(AQ19="sl",AQ19="v",AQ19="ml",AQ19="e",AQ19="t",AQ19="cl",AQ19="cal"),-8,0))+IF($AR$9=1,IF(OR(AR19="sl",AR19="v",AR19="ml",AR19="e",AR19="t",AR19="cl",AR19="cal"),-8,0))+IF($AS$9=1,IF(OR(AS19="sl",AS19="v",AS19="ml",AS19="e",AS19="t",AS19="cl",AS19="cal"),-8,0))+IF($AT$9=1,IF(OR(AT19="sl",AT19="v",AT19="ml",AT19="e",AT19="t",AT19="cl",AT19="cal"),-8,0))+IF($AU$9=1,IF(OR(AU19="sl",AU19="v",AU19="ml",AU19="e",AU19="t",AU19="cl",AU19="cal"),-8,0))))) -> 5 | AW19: =SUMIF(AO$9:AU$9,1,AO19:AU19) -> 0 | AX19: =COUNTIF(AO19:AP19,14)+IF(AND($AQ$9=0,AQ19=14),1,0)+IF(AND($AR$9=0,AR19=14),1,0)+IF(AND($AS$9=0,AS19=14),1,0)+IF(AND($AT$9=0,AT19=14),1,0)+IF(AND($AU$9=0,AU19=14),1,0) -> 0 | AY19: =IF(AND(AZ19<0,BY19>1),0,IF(AND(AO19="",AP19="",AQ19="",AR19="",AS19="",AT19="",AU19=""),0,IF(AND(AO19="",AP19="",AQ19="",AR19="",AS19="",AT19="",AU19=""),0,SUM(AO19:AU19)-40-AW19)+(COUNTIF(AQ19:AU19,"v")*8)+(COUNTIF(AQ19:AU19,"sl")*8)+(COUNTIF(AQ19:AU19,"ml")*8)+(COUNTIF(AQ19:AU19,"t")*8)+(COUNTIF(AQ19:AU19,"cl")*8)+(COUNTIF(AQ19:AU19,"el")*8)+(COUNTIF(AQ19:AU19,"cal")*8)+(COUNTIF(AQ19:AU19,"E")*8)+($AV$9*8))+IF($AQ$9=1,IF(OR(AQ19="sl",AQ19="v",AQ19="ml",AQ19="e",AQ19="t",AQ19="cl",AQ19="cal"),-8,0))+IF($AR$9=1,IF(OR(AR19="sl",AR19="v",AR19="ml",AR19="e",AR19="t",AR19="cl",AR19="cal"),-8,0))+IF($AS$9=1,IF(OR(AS19="sl",AS19="v",AS19="ml",AS19="e",AS19="t",AS19="cl",AS19="cal"),-8,0))+IF($AT$9=1,IF(OR(AT19="sl",AT19="v",AT19="ml",AT19="e",AT19="t",AT19="cl",AT19="cal"),-8,0))+IF($AU$9=1,IF(OR(AU19="sl",AU19="v",AU19="ml",AU19="e",AU19="t",AU19="cl",AU19="cal"),-8,0))) -> 5 | AZ19: =IF(AND(AO19="",AP19="",AQ19="",AR19="",AS19="",AT19="",AU19=""),0,IF(AND(AO19="",AP19="",AQ19="",AR19="",AS19="",AT19="",AU19=""),0,SUM(AO19:AU19)-40-AW19)+(COUNTIF(AQ19:AU19,"v")*8)+(COUNTIF(AQ19:AU19,"sl")*8)+(COUNTIF(AQ19:AU19,"ml")*8)+(COUNTIF(AQ19:AU19,"t")*8)+(COUNTIF(AQ19:AU19,"cl")*8)+(COUNTIF(AQ19:AU19,"el")*8)+(COUNTIF(AQ19:AU19,"cal")*8)+(COUNTIF(AQ19:AU19,"E")*8)+($AV$9*8))+IF($AQ$9=1,IF(OR(AQ19="sl",AQ19="v",AQ19="ml",AQ19="e",AQ19="t",AQ19="cl",AQ19="cal"),-8,0))+IF($AR$9=1,IF(OR(AR19="sl",AR19="v",AR19="ml",AR19="e",AR19="t",AR19="cl",AR19="cal"),-8,0))+IF($AS$9=1,IF(OR(AS19="sl",AS19="v",AS19="ml",AS19="e",AS19="t",AS19="cl",AS19="cal"),-8,0))+IF($AT$9=1,IF(OR(AT19="sl",AT19="v",AT19="ml",AT19="e",AT19="t",AT19="cl",AT19="cal"),-8,0))+IF($AU$9=1,IF(OR(AU19="sl",AU19="v",AU19="ml",AU19="e",AU19="t",AU19="cl",AU19="cal"),-8,0)) -> 5 | BH19: =IF(AND(BK19<0,BJ19>0),0,(IF(AND(BL19<0,BY19>1),0,IF(AND(BA19="",BB19="",BC19="",BD19="",BE19="",BF19="",BG19=""),0,IF(AND(BA19="",BB19="",BC19="",BD19="",BE19="",BF19="",BG19=""),0,SUM(BA19:BG19)-40-BI19)+(COUNTIF(BC19:BG19,"v")*8)+(COUNTIF(BC19:BG19,"sl")*8)+(COUNTIF(BC19:BG19,"ml")*8)+(COUNTIF(BC19:BG19,"t")*8)+(COUNTIF(BC19:BG19,"cl")*8)+(COUNTIF(BC19:BG19,"el")*8)+(COUNTIF(BC19:BG19,"cal")*8)+(COUNTIF(BC19:BG19,"E")*8)+($BH$9*8))+IF($BC$9=1,IF(OR(BC19="sl",BC19="v",BC19="ml",BC19="e",BC19="t",BC19="cl",BC19="cal"),-8,0))+IF($BD$9=1,IF(OR(BD19="sl",BD19="v",BD19="ml",BD19="e",BD19="t",BD19="cl",BD19="cal"),-8,0))+IF($BE$9=1,IF(OR(BE19="sl",BE19="v",BE19="ml",BE19="e",BE19="t",BE19="cl",BE19="cal"),-8,0))+IF($BF$9=1,IF(OR(BF19="sl",BF19="v",BF19="ml",BF19="e",BF19="t",BF19="cl",BF19="cal"),-8,0))+IF($BG$9=1,IF(OR(BG19="sl",BG19="v",BG19="ml",BG19="e",BG19="t",BG19="cl",BG19="cal"),-8,0))))) -> 0 | BI19: =SUMIF(BA$9:BG$9,1,BA19:BG19) -> 0 | BJ19: =COUNTIF(BA19:BB19,14)+IF(AND($BC$9=0,BC19=14),1,0)+IF(AND($BD$9=0,BD19=14),1,0)+IF(AND($BE$9=0,BE19=14),1,0)+IF(AND($BF$9=0,BF19=14),1,0)+IF(AND($BG$9=0,BG19=14),1,0) -> 0 | BK19: =IF(AND(BL19<0,BY19>1),0,IF(AND(BA19="",BB19="",BC19="",BD19="",BE19="",BF19="",BG19=""),0,IF(AND(BA19="",BB19="",BC19="",BD19="",BE19="",BF19="",BG19=""),0,SUM(BA19:BG19)-40-BI19)+(COUNTIF(BC19:BG19,"v")*8)+(COUNTIF(BC19:BG19,"sl")*8)+(COUNTIF(BC19:BG19,"ml")*8)+(COUNTIF(BC19:BG19,"t")*8)+(COUNTIF(BC19:BG19,"cl")*8)+(COUNTIF(BC19:BG19,"el")*8)+(COUNTIF(BC19:BG19,"cal")*8)+(COUNTIF(BC19:BG19,"E")*8)+($BH$9*8))+IF($BC$9=1,IF(OR(BC19="sl",BC19="v",BC19="ml",BC19="e",BC19="t",BC19="cl",BC19="cal"),-8,0))+IF($BD$9=1,IF(OR(BD19="sl",BD19="v",BD19="ml",BD19="e",BD19="t",BD19="cl",BD19="cal"),-8,0))+IF($BE$9=1,IF(OR(BE19="sl",BE19="v",BE19="ml",BE19="e",BE19="t",BE19="cl",BE19="cal"),-8,0))+IF($BF$9=1,IF(OR(BF19="sl",BF19="v",BF19="ml",BF19="e",BF19="t",BF19="cl",BF19="cal"),-8,0))+IF($BG$9=1,IF(OR(BG19="sl",BG19="v",BG19="ml",BG19="e",BG19="t",BG19="cl",BG19="cal"),-8,0))) -> 0 | BL19: =IF(AND(BA19="",BB19="",BC19="",BD19="",BE19="",BF19="",BG19=""),0,IF(AND(BA19="",BB19="",BC19="",BD19="",BE19="",BF19="",BG19=""),0,SUM(BA19:BG19)-40-BI19)+(COUNTIF(BC19:BG19,"v")*8)+(COUNTIF(BC19:BG19,"sl")*8)+(COUNTIF(BC19:BG19,"ml")*8)+(COUNTIF(BC19:BG19,"t")*8)+(COUNTIF(BC19:BG19,"cl")*8)+(COUNTIF(BC19:BG19,"el")*8)+(COUNTIF(BC19:BG19,"cal")*8)+(COUNTIF(BC19:BG19,"E")*8)+($BH$9*8))+IF($BC$9=1,IF(OR(BC19="sl",BC19="v",BC19="ml",BC19="e",BC19="t",BC19="cl",BC19="cal"),-8,0))+IF($BD$9=1,IF(OR(BD19="sl",BD19="v",BD19="ml",BD19="e",BD19="t",BD19="cl",BD19="cal"),-8,0))+IF($BE$9=1,IF(OR(BE19="sl",BE19="v",BE19="ml",BE19="e",BE19="t",BE19="cl",BE19="cal"),-8,0))+IF($BF$9=1,IF(OR(BF19="sl",BF19="v",BF19="ml",BF19="e",BF19="t",BF19="cl",BF19="cal"),-8,0))+IF($BG$9=1,IF(OR(BG19="sl",BG19="v",BG19="ml",BG19="e",BG19="t",BG19="cl",BG19="cal"),-8,0)) -> 0 | BT19: =IF(AND(BW19<0,BV19>0),0,(IF(AND(BX19<0,BY19>1),0,IF(AND(BM19="",BN19="",BO19="",BP19="",BQ19="",BR19="",BS19=""),0,IF(AND(BM19="",BN19="",BO19="",BP19="",BQ19="",BR19="",BS19=""),0,SUM(BM19:BS19)-40-BU19)+(COUNTIF(BO19:BS19,"v")*8)+(COUNTIF(BO19:BS19,"sl")*8)+(COUNTIF(BO19:BS19,"ml")*8)+(COUNTIF(BO19:BS19,"t")*8)+(COUNTIF(BO19:BS19,"cl")*8)+(COUNTIF(BO19:BS19,"el")*8)+(COUNTIF(BO19:BS19,"cal")*8)+(COUNTIF(BO19:BS19,"E")*8)+($BT$9*8))+IF($BO$9=1,IF(OR(BO19="sl",BO19="v",BO19="ml",BO19="e",BO19="t",BO19="cl",BO19="cal"),-8,0))+IF($BP$9=1,IF(OR(BP19="sl",BP19="v",BP19="ml",BP19="e",BP19="t",BP19="cl",BP19="cal"),-8,0))+IF($BQ$9=1,IF(OR(BQ19="sl",BQ19="v",BQ19="ml",BQ19="e",BQ19="t",BQ19="cl",BQ19="cal"),-8,0))+IF($BR$9=1,IF(OR(BR19="sl",BR19="v",BR19="ml",BR19="e",BR19="t",BR19="cl",BR19="cal"),-8,0))+IF($BS$9=1,IF(OR(BS19="sl",BS19="v",BS19="ml",BS19="e",BS19="t",BS19="cl",BS19="cal"),-8,0))))) -> 0 | BU19: =SUMIF(BM$9:BS$9,1,BM19:BS19) -> 0 | BV19: =COUNTIF(BM19:BN19,14)+IF(AND($BO$9=0,BO19=14),1,0)+IF(AND($BP$9=0,BP19=14),1,0)+IF(AND($BQ$9=0,BQ19=14),1,0)+IF(AND($BR$9=0,BR19=14),1,0)+IF(AND($BS$9=0,BS19=14),1,0) -> 0 | BW19: =IF(AND(BX19<0,BY19>1),0,IF(AND(BM19="",BN19="",BO19="",BP19="",BQ19="",BR19="",BS19=""),0,IF(AND(BM19="",BN19="",BO19="",BP19="",BQ19="",BR19="",BS19=""),0,SUM(BM19:BS19)-40-BU19)+(COUNTIF(BO19:BS19,"v")*8)+(COUNTIF(BO19:BS19,"sl")*8)+(COUNTIF(BO19:BS19,"ml")*8)+(COUNTIF(BO19:BS19,"t")*8)+(COUNTIF(BO19:BS19,"cl")*8)+(COUNTIF(BO19:BS19,"el")*8)+(COUNTIF(BO19:BS19,"cal")*8)+(COUNTIF(BO19:BS19,"E")*8)+($BT$9*8))+IF($BO$9=1,IF(OR(BO19="sl",BO19="v",BO19="ml",BO19="e",BO19="t",BO19="cl",BO19="cal"),-8,0))+IF($BP$9=1,IF(OR(BP19="sl",BP19="v",BP19="ml",BP19="e",BP19="t",BP19="cl",BP19="cal"),-8,0))+IF($BQ$9=1,IF(OR(BQ19="sl",BQ19="v",BQ19="ml",BQ19="e",BQ19="t",BQ19="cl",BQ19="cal"),-8,0))+IF($BR$9=1,IF(OR(BR19="sl",BR19="v",BR19="ml",BR19="e",BR19="t",BR19="cl",BR19="cal"),-8,0))+IF($BS$9=1,IF(OR(BS19="sl",BS19="v",BS19="ml",BS19="e",BS19="t",BS19="cl",BS19="cal"),-8,0))) -> 0 | BX19: =IF(AND(BM19="",BN19="",BO19="",BP19="",BQ19="",BR19="",BS19=""),0,IF(AND(BM19="",BN19="",BO19="",BP19="",BQ19="",BR19="",BS19=""),0,SUM(BM19:BS19)-40-BU19)+(COUNTIF(BO19:BS19,"v")*8)+(COUNTIF(BO19:BS19,"sl")*8)+(COUNTIF(BO19:BS19,"ml")*8)+(COUNTIF(BO19:BS19,"t")*8)+(COUNTIF(BO19:BS19,"cl")*8)+(COUNTIF(BO19:BS19,"el")*8)+(COUNTIF(BO19:BS19,"cal")*8)+(COUNTIF(BO19:BS19,"E")*8)+($BT$9*8))+IF($BO$9=1,IF(OR(BO19="sl",BO19="v",BO19="ml",BO19="e",BO19="t",BO19="cl",BO19="cal"),-8,0))+IF($BP$9=1,IF(OR(BP19="sl",BP19="v",BP19="ml",BP19="e",BP19="t",BP19="cl",BP19="cal"),-8,0))+IF($BQ$9=1,IF(OR(BQ19="sl",BQ19="v",BQ19="ml",BQ19="e",BQ19="t",BQ19="cl",BQ19="cal"),-8,0))+IF($BR$9=1,IF(OR(BR19="sl",BR19="v",BR19="ml",BR19="e",BR19="t",BR19="cl",BR19="cal"),-8,0))+IF($BS$9=1,IF(OR(BS19="sl",BS19="v",BS19="ml",BS19="e",BS19="t",BS19="cl",BS19="cal"),-8,0)) -> 0 | BY19: =SUM(N19,Z19,AL19,AX19,BJ19,BV19) -> 4 | BZ19: =IF(SUM(AV19,BH19,AJ19,X19,L19,BT19)<0,0,SUM(AV19,BH19,AJ19,X19,L19,BT19)) -> 45 | CA19: =SUM(AW19,BI19,AK19,Y19,M19,BU19) -> 0 | CB19: =(BZ19*CC19)+(CA19*CD19) -> 97599.89 | CC19: =D19*12/2080*1.5 -> 2168.8864 | CD19: =D19*12/2080*2 -> 2891.8486
B20: 3 | C20: 18004443 | D20: =IF(C20="",0,VLOOKUP(C20,Conf!A:D,4,FALSE)) -> 149593.78 | E20: 10 | F20: 7 | G20: 10 | H20: 10 | I20: 10 | J20: 10 | K20: 10 | L20: =IF(AND(O20<0,N20>0),0,(IF(AND(P20<0,BY20>1),0,IF(AND(E20="",F20="",G20="",H20="",I20="",J20="",K20=""),0,IF(AND(E20="",F20="",G20="",H20="",I20="",J20="",K20=""),0,SUM(E20:K20)-40-M20)+(COUNTIF(G20:K20,"v")*8)+(COUNTIF(G20:K20,"sl")*8)+(COUNTIF(G20:K20,"ml")*8)+(COUNTIF(G20:K20,"t")*8)+(COUNTIF(G20:K20,"cl")*8)+(COUNTIF(G20:K20,"el")*8)+(COUNTIF(G20:K20,"cal")*8)+(COUNTIF(G20:K20,"E")*8)+($L$9*8))+IF($G$9=1,IF(OR(G20="sl",G20="v",G20="ml",G20="e",G20="t",G20="cl",G20="cal"),-8,0))+IF($H$9=1,IF(OR(H20="sl",H20="v",H20="ml",H20="e",H20="t",H20="cl",H20="cal"),-8,0))+IF($I$9=1,IF(OR(I20="sl",I20="v",I20="ml",I20="e",I20="t",I20="cl",I20="cal"),-8,0))+IF($J$9=1,IF(OR(J20="sl",J20="v",J20="ml",J20="e",J20="t",J20="cl",J20="cal"),-8,0))+IF($K$9=1,IF(OR(K20="sl",K20="v",K20="ml",K20="e",K20="t",K20="cl",K20="cal"),-8,0))))) -> 27 | M20: =SUMIF(E$9:K$9,1,E20:K20) -> 0 | N20: =COUNTIF(E20:F20,14)+IF(AND($G$9=0,G20=14),1,0)+IF(AND($H$9=0,H20=14),1,0)+IF(AND($I$9=0,I20=14),1,0)+IF(AND($J$9=0,J20=14),1,0)+IF(AND($K$9=0,K20=14),1,0) -> 0 | O20: =IF(AND(P20<0,BY20>1),0,IF(AND(E20="",F20="",G20="",H20="",I20="",J20="",K20=""),0,IF(AND(E20="",F20="",G20="",H20="",I20="",J20="",K20=""),0,SUM(E20:K20)-40-M20)+(COUNTIF(G20:K20,"v")*8)+(COUNTIF(G20:K20,"sl")*8)+(COUNTIF(G20:K20,"ml")*8)+(COUNTIF(G20:K20,"t")*8)+(COUNTIF(G20:K20,"cl")*8)+(COUNTIF(G20:K20,"el")*8)+(COUNTIF(G20:K20,"cal")*8)+(COUNTIF(G20:K20,"E")*8)+($L$9*8))+IF($G$9=1,IF(OR(G20="sl",G20="v",G20="ml",G20="e",G20="t",G20="cl",G20="cal"),-8,0))+IF($H$9=1,IF(OR(H20="sl",H20="v",H20="ml",H20="e",H20="t",H20="cl",H20="cal"),-8,0))+IF($I$9=1,IF(OR(I20="sl",I20="v",I20="ml",I20="e",I20="t",I20="cl",I20="cal"),-8,0))+IF($J$9=1,IF(OR(J20="sl",J20="v",J20="ml",J20="e",J20="t",J20="cl",J20="cal"),-8,0))+IF($K$9=1,IF(OR(K20="sl",K20="v",K20="ml",K20="e",K20="t",K20="cl",K20="cal"),-8,0))) -> 27 | P20: =IF(AND(E20="",F20="",G20="",H20="",I20="",J20="",K20=""),0,IF(AND(E20="",F20="",G20="",H20="",I20="",J20="",K20=""),0,SUM(E20:K20)-40-M20)+(COUNTIF(G20:K20,"v")*8)+(COUNTIF(G20:K20,"sl")*8)+(COUNTIF(G20:K20,"ml")*8)+(COUNTIF(G20:K20,"t")*8)+(COUNTIF(G20:K20,"cl")*8)+(COUNTIF(G20:K20,"el")*8)+(COUNTIF(G20:K20,"cal")*8)+(COUNTIF(G20:K20,"E")*8)+($L$9*8))+IF($G$9=1,IF(OR(G20="sl",G20="v",G20="ml",G20="e",G20="t",G20="cl",G20="cal"),-8,0))+IF($H$9=1,IF(OR(H20="sl",H20="v",H20="ml",H20="e",H20="t",H20="cl",H20="cal"),-8,0))+IF($I$9=1,IF(OR(I20="sl",I20="v",I20="ml",I20="e",I20="t",I20="cl",I20="cal"),-8,0))+IF($J$9=1,IF(OR(J20="sl",J20="v",J20="ml",J20="e",J20="t",J20="cl",J20="cal"),-8,0))+IF($K$9=1,IF(OR(K20="sl",K20="v",K20="ml",K20="e",K20="t",K20="cl",K20="cal"),-8,0)) -> 27 | Q20: 10 | R20: 0 | S20: 10 | T20: 10 | U20: 0 | V20: SL | W20: 0 | X20: =IF(AND(AA20<0,Z20>0),0,(IF(AND(AB20<0,BY20>1),0,IF(AND(Q20="",R20="",S20="",T20="",U20="",V20="",W20=""),0,IF(AND(Q20="",R20="",S20="",T20="",U20="",V20="",W20=""),0,SUM(Q20:W20)-40-Y20)+(COUNTIF(S20:W20,"v")*8)+(COUNTIF(S20:W20,"sl")*8)+(COUNTIF(S20:W20,"ml")*8)+(COUNTIF(S20:W20,"t")*8)+(COUNTIF(S20:W20,"cl")*8)+(COUNTIF(S20:W20,"el")*8)+(COUNTIF(S20:W20,"cal")*8)+(COUNTIF(S20:W20,"E")*8)+($X$9*8))+IF($S$9=1,IF(OR(S20="sl",S20="v",S20="ml",S20="e",S20="t",S20="cl",S20="cal"),-8,0))+IF($T$9=1,IF(OR(T20="sl",T20="v",T20="ml",T20="e",T20="t",T20="cl",T20="cal"),-8,0))+IF($U$9=1,IF(OR(U20="sl",U20="v",U20="ml",U20="e",U20="t",U20="cl",U20="cal"),-8,0))+IF($V$9=1,IF(OR(V20="sl",V20="v",V20="ml",V20="e",V20="t",V20="cl",V20="cal"),-8,0))+IF($W$9=1,IF(OR(W20="sl",W20="v",W20="ml",W20="e",W20="t",W20="cl",W20="cal"),-8,0))))) -> 0 | Y20: =SUMIF(Q$9:W$9,1,Q20:W20) -> 0 | Z20: =COUNTIF(Q20:R20,14)+IF(AND($S$9=0,S20=14),1,0)+IF(AND($T$9=0,T20=14),1,0)+IF(AND($U$9=0,U20=14),1,0)+IF(AND($V$9=0,V20=14),1,0)+IF(AND($W$9=0,W20=14),1,0) -> 0 | AA20: =IF(AND(AB20<0,BY20>1),0,IF(AND(Q20="",R20="",S20="",T20="",U20="",V20="",W20=""),0,IF(AND(Q20="",R20="",S20="",T20="",U20="",V20="",W20=""),0,SUM(Q20:W20)-40-Y20)+(COUNTIF(S20:W20,"v")*8)+(COUNTIF(S20:W20,"sl")*8)+(COUNTIF(S20:W20,"ml")*8)+(COUNTIF(S20:W20,"t")*8)+(COUNTIF(S20:W20,"cl")*8)+(COUNTIF(S20:W20,"el")*8)+(COUNTIF(S20:W20,"cal")*8)+(COUNTIF(S20:W20,"E")*8)+($X$9*8))+IF($S$9=1,IF(OR(S20="sl",S20="v",S20="ml",S20="e",S20="t",S20="cl",S20="cal"),-8,0))+IF($T$9=1,IF(OR(T20="sl",T20="v",T20="ml",T20="e",T20="t",T20="cl",T20="cal"),-8,0))+IF($U$9=1,IF(OR(U20="sl",U20="v",U20="ml",U20="e",U20="t",U20="cl",U20="cal"),-8,0))+IF($V$9=1,IF(OR(V20="sl",V20="v",V20="ml",V20="e",V20="t",V20="cl",V20="cal"),-8,0))+IF($W$9=1,IF(OR(W20="sl",W20="v",W20="ml",W20="e",W20="t",W20="cl",W20="cal"),-8,0))) -> 0 | AB20: =IF(AND(Q20="",R20="",S20="",T20="",U20="",V20="",W20=""),0,IF(AND(Q20="",R20="",S20="",T20="",U20="",V20="",W20=""),0,SUM(Q20:W20)-40-Y20)+(COUNTIF(S20:W20,"v")*8)+(COUNTIF(S20:W20,"sl")*8)+(COUNTIF(S20:W20,"ml")*8)+(COUNTIF(S20:W20,"t")*8)+(COUNTIF(S20:W20,"cl")*8)+(COUNTIF(S20:W20,"el")*8)+(COUNTIF(S20:W20,"cal")*8)+(COUNTIF(S20:W20,"E")*8)+($X$9*8))+IF($S$9=1,IF(OR(S20="sl",S20="v",S20="ml",S20="e",S20="t",S20="cl",S20="cal"),-8,0))+IF($T$9=1,IF(OR(T20="sl",T20="v",T20="ml",T20="e",T20="t",T20="cl",T20="cal"),-8,0))+IF($U$9=1,IF(OR(U20="sl",U20="v",U20="ml",U20="e",U20="t",U20="cl",U20="cal"),-8,0))+IF($V$9=1,IF(OR(V20="sl",V20="v",V20="ml",V20="e",V20="t",V20="cl",V20="cal"),-8,0))+IF($W$9=1,IF(OR(W20="sl",W20="v",W20="ml",W20="e",W20="t",W20="cl",W20="cal"),-8,0)) -> -2 | AC20: 0 | AD20: 14 | AE20: 10 | AF20: 0 | AG20: 14 | AH20: 10 | AI20: 0 | AJ20: =IF(AND(AM20<0,AL20>0),0,(IF(AND(AN20<0,BY20>1),0,IF(AND(AC20="",AD20="",AE20="",AF20="",AG20="",AH20="",AI20=""),0,IF(AND(AC20="",AD20="",AE20="",AF20="",AG20="",AH20="",AI20=""),0,SUM(AC20:AI20)-40-AK20)+(COUNTIF(AE20:AI20,"v")*8)+(COUNTIF(AE20:AI20,"sl")*8)+(COUNTIF(AE20:AI20,"ml")*8)+(COUNTIF(AE20:AI20,"t")*8)+(COUNTIF(AE20:AI20,"cl")*8)+(COUNTIF(AE20:AI20,"el")*8)+(COUNTIF(AE20:AI20,"cal")*8)+(COUNTIF(AE20:AI20,"E")*8)+($AJ$9*8))+IF($AE$9=1,IF(OR(AE20="sl",AE20="v",AE20="ml",AE20="e",AE20="t",AE20="cl",AE20="cal"),-8,0))+IF($AF$9=1,IF(OR(AF20="sl",AF20="v",AF20="ml",AF20="e",AF20="t",AF20="cl",AF20="cal"),-8,0))+IF($AG$9=1,IF(OR(AG20="sl",AG20="v",AG20="ml",AG20="e",AG20="t",AG20="cl",AG20="cal"),-8,0))+IF($AH$9=1,IF(OR(AH20="sl",AH20="v",AH20="ml",AH20="e",AH20="t",AH20="cl",AH20="cal"),-8,0))+IF($AI$9=1,IF(OR(AI20="sl",AI20="v",AI20="ml",AI20="e",AI20="t",AI20="cl",AI20="cal"),-8,0))))) -> 8 | AK20: =SUMIF(AC$9:AI$9,1,AC20:AI20) -> 0 | AL20: =COUNTIF(AC20:AD20,14)+IF(AND($AE$9=0,AE20=14),1,0)+IF(AND($AF$9=0,AF20=14),1,0)+IF(AND($AG$9=0,AG20=14),1,0)+IF(AND($AH$9=0,AH20=14),1,0)+IF(AND($AI$9=0,AI20=14),1,0) -> 2 | AM20: =IF(AND(AN20<0,BY20>1),0,IF(AND(AC20="",AD20="",AE20="",AF20="",AG20="",AH20="",AI20=""),0,IF(AND(AC20="",AD20="",AE20="",AF20="",AG20="",AH20="",AI20=""),0,SUM(AC20:AI20)-40-AK20)+(COUNTIF(AE20:AI20,"v")*8)+(COUNTIF(AE20:AI20,"sl")*8)+(COUNTIF(AE20:AI20,"ml")*8)+(COUNTIF(AE20:AI20,"t")*8)+(COUNTIF(AE20:AI20,"cl")*8)+(COUNTIF(AE20:AI20,"el")*8)+(COUNTIF(AE20:AI20,"cal")*8)+(COUNTIF(AE20:AI20,"E")*8)+($AJ$9*8))+IF($AE$9=1,IF(OR(AE20="sl",AE20="v",AE20="ml",AE20="e",AE20="t",AE20="cl",AE20="cal"),-8,0))+IF($AF$9=1,IF(OR(AF20="sl",AF20="v",AF20="ml",AF20="e",AF20="t",AF20="cl",AF20="cal"),-8,0))+IF($AG$9=1,IF(OR(AG20="sl",AG20="v",AG20="ml",AG20="e",AG20="t",AG20="cl",AG20="cal"),-8,0))+IF($AH$9=1,IF(OR(AH20="sl",AH20="v",AH20="ml",AH20="e",AH20="t",AH20="cl",AH20="cal"),-8,0))+IF($AI$9=1,IF(OR(AI20="sl",AI20="v",AI20="ml",AI20="e",AI20="t",AI20="cl",AI20="cal"),-8,0))) -> 8 | AN20: =IF(AND(AC20="",AD20="",AE20="",AF20="",AG20="",AH20="",AI20=""),0,IF(AND(AC20="",AD20="",AE20="",AF20="",AG20="",AH20="",AI20=""),0,SUM(AC20:AI20)-40-AK20)+(COUNTIF(AE20:AI20,"v")*8)+(COUNTIF(AE20:AI20,"sl")*8)+(COUNTIF(AE20:AI20,"ml")*8)+(COUNTIF(AE20:AI20,"t")*8)+(COUNTIF(AE20:AI20,"cl")*8)+(COUNTIF(AE20:AI20,"el")*8)+(COUNTIF(AE20:AI20,"cal")*8)+(COUNTIF(AE20:AI20,"E")*8)+($AJ$9*8))+IF($AE$9=1,IF(OR(AE20="sl",AE20="v",AE20="ml",AE20="e",AE20="t",AE20="cl",AE20="cal"),-8,0))+IF($AF$9=1,IF(OR(AF20="sl",AF20="v",AF20="ml",AF20="e",AF20="t",AF20="cl",AF20="cal"),-8,0))+IF($AG$9=1,IF(OR(AG20="sl",AG20="v",AG20="ml",AG20="e",AG20="t",AG20="cl",AG20="cal"),-8,0))+IF($AH$9=1,IF(OR(AH20="sl",AH20="v",AH20="ml",AH20="e",AH20="t",AH20="cl",AH20="cal"),-8,0))+IF($AI$9=1,IF(OR(AI20="sl",AI20="v",AI20="ml",AI20="e",AI20="t",AI20="cl",AI20="cal"),-8,0)) -> 8 | AO20: 14 | AP20: 10 | AQ20: 0 | AR20: 10 | AS20: 10 | AT20: 0 | AU20: 0 | AV20: =IF(AND(AY20<0,AX20>0),0,(IF(AND(AZ20<0,BY20>1),0,IF(AND(AO20="",AP20="",AQ20="",AR20="",AS20="",AT20="",AU20=""),0,IF(AND(AO20="",AP20="",AQ20="",AR20="",AS20="",AT20="",AU20=""),0,SUM(AO20:AU20)-40-AW20)+(COUNTIF(AQ20:AU20,"v")*8)+(COUNTIF(AQ20:AU20,"sl")*8)+(COUNTIF(AQ20:AU20,"ml")*8)+(COUNTIF(AQ20:AU20,"t")*8)+(COUNTIF(AQ20:AU20,"cl")*8)+(COUNTIF(AQ20:AU20,"el")*8)+(COUNTIF(AQ20:AU20,"cal")*8)+(COUNTIF(AQ20:AU20,"E")*8)+($AV$9*8))+IF($AQ$9=1,IF(OR(AQ20="sl",AQ20="v",AQ20="ml",AQ20="e",AQ20="t",AQ20="cl",AQ20="cal"),-8,0))+IF($AR$9=1,IF(OR(AR20="sl",AR20="v",AR20="ml",AR20="e",AR20="t",AR20="cl",AR20="cal"),-8,0))+IF($AS$9=1,IF(OR(AS20="sl",AS20="v",AS20="ml",AS20="e",AS20="t",AS20="cl",AS20="cal"),-8,0))+IF($AT$9=1,IF(OR(AT20="sl",AT20="v",AT20="ml",AT20="e",AT20="t",AT20="cl",AT20="cal"),-8,0))+IF($AU$9=1,IF(OR(AU20="sl",AU20="v",AU20="ml",AU20="e",AU20="t",AU20="cl",AU20="cal"),-8,0))))) -> 4 | AW20: =SUMIF(AO$9:AU$9,1,AO20:AU20) -> 0 | AX20: =COUNTIF(AO20:AP20,14)+IF(AND($AQ$9=0,AQ20=14),1,0)+IF(AND($AR$9=0,AR20=14),1,0)+IF(AND($AS$9=0,AS20=14),1,0)+IF(AND($AT$9=0,AT20=14),1,0)+IF(AND($AU$9=0,AU20=14),1,0) -> 1 | AY20: =IF(AND(AZ20<0,BY20>1),0,IF(AND(AO20="",AP20="",AQ20="",AR20="",AS20="",AT20="",AU20=""),0,IF(AND(AO20="",AP20="",AQ20="",AR20="",AS20="",AT20="",AU20=""),0,SUM(AO20:AU20)-40-AW20)+(COUNTIF(AQ20:AU20,"v")*8)+(COUNTIF(AQ20:AU20,"sl")*8)+(COUNTIF(AQ20:AU20,"ml")*8)+(COUNTIF(AQ20:AU20,"t")*8)+(COUNTIF(AQ20:AU20,"cl")*8)+(COUNTIF(AQ20:AU20,"el")*8)+(COUNTIF(AQ20:AU20,"cal")*8)+(COUNTIF(AQ20:AU20,"E")*8)+($AV$9*8))+IF($AQ$9=1,IF(OR(AQ20="sl",AQ20="v",AQ20="ml",AQ20="e",AQ20="t",AQ20="cl",AQ20="cal"),-8,0))+IF($AR$9=1,IF(OR(AR20="sl",AR20="v",AR20="ml",AR20="e",AR20="t",AR20="cl",AR20="cal"),-8,0))+IF($AS$9=1,IF(OR(AS20="sl",AS20="v",AS20="ml",AS20="e",AS20="t",AS20="cl",AS20="cal"),-8,0))+IF($AT$9=1,IF(OR(AT20="sl",AT20="v",AT20="ml",AT20="e",AT20="t",AT20="cl",AT20="cal"),-8,0))+IF($AU$9=1,IF(OR(AU20="sl",AU20="v",AU20="ml",AU20="e",AU20="t",AU20="cl",AU20="cal"),-8,0))) -> 4 | AZ20: =IF(AND(AO20="",AP20="",AQ20="",AR20="",AS20="",AT20="",AU20=""),0,IF(AND(AO20="",AP20="",AQ20="",AR20="",AS20="",AT20="",AU20=""),0,SUM(AO20:AU20)-40-AW20)+(COUNTIF(AQ20:AU20,"v")*8)+(COUNTIF(AQ20:AU20,"sl")*8)+(COUNTIF(AQ20:AU20,"ml")*8)+(COUNTIF(AQ20:AU20,"t")*8)+(COUNTIF(AQ20:AU20,"cl")*8)+(COUNTIF(AQ20:AU20,"el")*8)+(COUNTIF(AQ20:AU20,"cal")*8)+(COUNTIF(AQ20:AU20,"E")*8)+($AV$9*8))+IF($AQ$9=1,IF(OR(AQ20="sl",AQ20="v",AQ20="ml",AQ20="e",AQ20="t",AQ20="cl",AQ20="cal"),-8,0))+IF($AR$9=1,IF(OR(AR20="sl",AR20="v",AR20="ml",AR20="e",AR20="t",AR20="cl",AR20="cal"),-8,0))+IF($AS$9=1,IF(OR(AS20="sl",AS20="v",AS20="ml",AS20="e",AS20="t",AS20="cl",AS20="cal"),-8,0))+IF($AT$9=1,IF(OR(AT20="sl",AT20="v",AT20="ml",AT20="e",AT20="t",AT20="cl",AT20="cal"),-8,0))+IF($AU$9=1,IF(OR(AU20="sl",AU20="v",AU20="ml",AU20="e",AU20="t",AU20="cl",AU20="cal"),-8,0)) -> 4 | BH20: =IF(AND(BK20<0,BJ20>0),0,(IF(AND(BL20<0,BY20>1),0,IF(AND(BA20="",BB20="",BC20="",BD20="",BE20="",BF20="",BG20=""),0,IF(AND(BA20="",BB20="",BC20="",BD20="",BE20="",BF20="",BG20=""),0,SUM(BA20:BG20)-40-BI20)+(COUNTIF(BC20:BG20,"v")*8)+(COUNTIF(BC20:BG20,"sl")*8)+(COUNTIF(BC20:BG20,"ml")*8)+(COUNTIF(BC20:BG20,"t")*8)+(COUNTIF(BC20:BG20,"cl")*8)+(COUNTIF(BC20:BG20,"el")*8)+(COUNTIF(BC20:BG20,"cal")*8)+(COUNTIF(BC20:BG20,"E")*8)+($BH$9*8))+IF($BC$9=1,IF(OR(BC20="sl",BC20="v",BC20="ml",BC20="e",BC20="t",BC20="cl",BC20="cal"),-8,0))+IF($BD$9=1,IF(OR(BD20="sl",BD20="v",BD20="ml",BD20="e",BD20="t",BD20="cl",BD20="cal"),-8,0))+IF($BE$9=1,IF(OR(BE20="sl",BE20="v",BE20="ml",BE20="e",BE20="t",BE20="cl",BE20="cal"),-8,0))+IF($BF$9=1,IF(OR(BF20="sl",BF20="v",BF20="ml",BF20="e",BF20="t",BF20="cl",BF20="cal"),-8,0))+IF($BG$9=1,IF(OR(BG20="sl",BG20="v",BG20="ml",BG20="e",BG20="t",BG20="cl",BG20="cal"),-8,0))))) -> 0 | BI20: =SUMIF(BA$9:BG$9,1,BA20:BG20) -> 0 | BJ20: =COUNTIF(BA20:BB20,14)+IF(AND($BC$9=0,BC20=14),1,0)+IF(AND($BD$9=0,BD20=14),1,0)+IF(AND($BE$9=0,BE20=14),1,0)+IF(AND($BF$9=0,BF20=14),1,0)+IF(AND($BG$9=0,BG20=14),1,0) -> 0 | BK20: =IF(AND(BL20<0,BY20>1),0,IF(AND(BA20="",BB20="",BC20="",BD20="",BE20="",BF20="",BG20=""),0,IF(AND(BA20="",BB20="",BC20="",BD20="",BE20="",BF20="",BG20=""),0,SUM(BA20:BG20)-40-BI20)+(COUNTIF(BC20:BG20,"v")*8)+(COUNTIF(BC20:BG20,"sl")*8)+(COUNTIF(BC20:BG20,"ml")*8)+(COUNTIF(BC20:BG20,"t")*8)+(COUNTIF(BC20:BG20,"cl")*8)+(COUNTIF(BC20:BG20,"el")*8)+(COUNTIF(BC20:BG20,"cal")*8)+(COUNTIF(BC20:BG20,"E")*8)+($BH$9*8))+IF($BC$9=1,IF(OR(BC20="sl",BC20="v",BC20="ml",BC20="e",BC20="t",BC20="cl",BC20="cal"),-8,0))+IF($BD$9=1,IF(OR(BD20="sl",BD20="v",BD20="ml",BD20="e",BD20="t",BD20="cl",BD20="cal"),-8,0))+IF($BE$9=1,IF(OR(BE20="sl",BE20="v",BE20="ml",BE20="e",BE20="t",BE20="cl",BE20="cal"),-8,0))+IF($BF$9=1,IF(OR(BF20="sl",BF20="v",BF20="ml",BF20="e",BF20="t",BF20="cl",BF20="cal"),-8,0))+IF($BG$9=1,IF(OR(BG20="sl",BG20="v",BG20="ml",BG20="e",BG20="t",BG20="cl",BG20="cal"),-8,0))) -> 0 | BL20: =IF(AND(BA20="",BB20="",BC20="",BD20="",BE20="",BF20="",BG20=""),0,IF(AND(BA20="",BB20="",BC20="",BD20="",BE20="",BF20="",BG20=""),0,SUM(BA20:BG20)-40-BI20)+(COUNTIF(BC20:BG20,"v")*8)+(COUNTIF(BC20:BG20,"sl")*8)+(COUNTIF(BC20:BG20,"ml")*8)+(COUNTIF(BC20:BG20,"t")*8)+(COUNTIF(BC20:BG20,"cl")*8)+(COUNTIF(BC20:BG20,"el")*8)+(COUNTIF(BC20:BG20,"cal")*8)+(COUNTIF(BC20:BG20,"E")*8)+($BH$9*8))+IF($BC$9=1,IF(OR(BC20="sl",BC20="v",BC20="ml",BC20="e",BC20="t",BC20="cl",BC20="cal"),-8,0))+IF($BD$9=1,IF(OR(BD20="sl",BD20="v",BD20="ml",BD20="e",BD20="t",BD20="cl",BD20="cal"),-8,0))+IF($BE$9=1,IF(OR(BE20="sl",BE20="v",BE20="ml",BE20="e",BE20="t",BE20="cl",BE20="cal"),-8,0))+IF($BF$9=1,IF(OR(BF20="sl",BF20="v",BF20="ml",BF20="e",BF20="t",BF20="cl",BF20="cal"),-8,0))+IF($BG$9=1,IF(OR(BG20="sl",BG20="v",BG20="ml",BG20="e",BG20="t",BG20="cl",BG20="cal"),-8,0)) -> 0 | BT20: =IF(AND(BW20<0,BV20>0),0,(IF(AND(BX20<0,BY20>1),0,IF(AND(BM20="",BN20="",BO20="",BP20="",BQ20="",BR20="",BS20=""),0,IF(AND(BM20="",BN20="",BO20="",BP20="",BQ20="",BR20="",BS20=""),0,SUM(BM20:BS20)-40-BU20)+(COUNTIF(BO20:BS20,"v")*8)+(COUNTIF(BO20:BS20,"sl")*8)+(COUNTIF(BO20:BS20,"ml")*8)+(COUNTIF(BO20:BS20,"t")*8)+(COUNTIF(BO20:BS20,"cl")*8)+(COUNTIF(BO20:BS20,"el")*8)+(COUNTIF(BO20:BS20,"cal")*8)+(COUNTIF(BO20:BS20,"E")*8)+($BT$9*8))+IF($BO$9=1,IF(OR(BO20="sl",BO20="v",BO20="ml",BO20="e",BO20="t",BO20="cl",BO20="cal"),-8,0))+IF($BP$9=1,IF(OR(BP20="sl",BP20="v",BP20="ml",BP20="e",BP20="t",BP20="cl",BP20="cal"),-8,0))+IF($BQ$9=1,IF(OR(BQ20="sl",BQ20="v",BQ20="ml",BQ20="e",BQ20="t",BQ20="cl",BQ20="cal"),-8,0))+IF($BR$9=1,IF(OR(BR20="sl",BR20="v",BR20="ml",BR20="e",BR20="t",BR20="cl",BR20="cal"),-8,0))+IF($BS$9=1,IF(OR(BS20="sl",BS20="v",BS20="ml",BS20="e",BS20="t",BS20="cl",BS20="cal"),-8,0))))) -> 0 | BU20: =SUMIF(BM$9:BS$9,1,BM20:BS20) -> 0 | BV20: =COUNTIF(BM20:BN20,14)+IF(AND($BO$9=0,BO20=14),1,0)+IF(AND($BP$9=0,BP20=14),1,0)+IF(AND($BQ$9=0,BQ20=14),1,0)+IF(AND($BR$9=0,BR20=14),1,0)+IF(AND($BS$9=0,BS20=14),1,0) -> 0 | BW20: =IF(AND(BX20<0,BY20>1),0,IF(AND(BM20="",BN20="",BO20="",BP20="",BQ20="",BR20="",BS20=""),0,IF(AND(BM20="",BN20="",BO20="",BP20="",BQ20="",BR20="",BS20=""),0,SUM(BM20:BS20)-40-BU20)+(COUNTIF(BO20:BS20,"v")*8)+(COUNTIF(BO20:BS20,"sl")*8)+(COUNTIF(BO20:BS20,"ml")*8)+(COUNTIF(BO20:BS20,"t")*8)+(COUNTIF(BO20:BS20,"cl")*8)+(COUNTIF(BO20:BS20,"el")*8)+(COUNTIF(BO20:BS20,"cal")*8)+(COUNTIF(BO20:BS20,"E")*8)+($BT$9*8))+IF($BO$9=1,IF(OR(BO20="sl",BO20="v",BO20="ml",BO20="e",BO20="t",BO20="cl",BO20="cal"),-8,0))+IF($BP$9=1,IF(OR(BP20="sl",BP20="v",BP20="ml",BP20="e",BP20="t",BP20="cl",BP20="cal"),-8,0))+IF($BQ$9=1,IF(OR(BQ20="sl",BQ20="v",BQ20="ml",BQ20="e",BQ20="t",BQ20="cl",BQ20="cal"),-8,0))+IF($BR$9=1,IF(OR(BR20="sl",BR20="v",BR20="ml",BR20="e",BR20="t",BR20="cl",BR20="cal"),-8,0))+IF($BS$9=1,IF(OR(BS20="sl",BS20="v",BS20="ml",BS20="e",BS20="t",BS20="cl",BS20="cal"),-8,0))) -> 0 | BX20: =IF(AND(BM20="",BN20="",BO20="",BP20="",BQ20="",BR20="",BS20=""),0,IF(AND(BM20="",BN20="",BO20="",BP20="",BQ20="",BR20="",BS20=""),0,SUM(BM20:BS20)-40-BU20)+(COUNTIF(BO20:BS20,"v")*8)+(COUNTIF(BO20:BS20,"sl")*8)+(COUNTIF(BO20:BS20,"ml")*8)+(COUNTIF(BO20:BS20,"t")*8)+(COUNTIF(BO20:BS20,"cl")*8)+(COUNTIF(BO20:BS20,"el")*8)+(COUNTIF(BO20:BS20,"cal")*8)+(COUNTIF(BO20:BS20,"E")*8)+($BT$9*8))+IF($BO$9=1,IF(OR(BO20="sl",BO20="v",BO20="ml",BO20="e",BO20="t",BO20="cl",BO20="cal"),-8,0))+IF($BP$9=1,IF(OR(BP20="sl",BP20="v",BP20="ml",BP20="e",BP20="t",BP20="cl",BP20="cal"),-8,0))+IF($BQ$9=1,IF(OR(BQ20="sl",BQ20="v",BQ20="ml",BQ20="e",BQ20="t",BQ20="cl",BQ20="cal"),-8,0))+IF($BR$9=1,IF(OR(BR20="sl",BR20="v",BR20="ml",BR20="e",BR20="t",BR20="cl",BR20="cal"),-8,0))+IF($BS$9=1,IF(OR(BS20="sl",BS20="v",BS20="ml",BS20="e",BS20="t",BS20="cl",BS20="cal"),-8,0)) -> 0 | BY20: =SUM(N20,Z20,AL20,AX20,BJ20,BV20) -> 3 | BZ20: =IF(SUM(AV20,BH20,AJ20,X20,L20,BT20)<0,0,SUM(AV20,BH20,AJ20,X20,L20,BT20)) -> 39 | CA20: =SUM(AW20,BI20,AK20,Y20,M20,BU20) -> 0 | CB20: =(BZ20*CC20)+(CA20*CD20) -> 50487.901 | CC20: =D20*12/2080*1.5 -> 1294.5616 | CD20: =D20*12/2080*2 -> 1726.0821
